<?xml version="1.0" encoding="UTF-8"?>
<card-stack location.name="table" location.x="-400" location.y="175" posZ="0" rotate="0" zindex="205" owner="" isShowTotal="false">
  <data name="card-stack">
    <data name="image">
      <data type="image" name="imageIdentifier"></data>
    </data>
    <data name="common">
      <data name="name">プロットカード</data>
    </data>
    <data name="detail">
      <data name="使い方">
        <data name="" type="note">1～6番までのカードの山札です。
「カード一覧」から中身を確認し、プロット時に使用して下さい。</data>
      </data>
    </data>
  </data>
  <node name="cardRoot">
    <card location.name="table" location.x="925" location.y="50" posZ="0" state="1" rotate="0" owner="" zindex="0">
      <data name="card">
        <data name="image">
          <data type="image" name="imageIdentifier"></data>
          <data type="image" name="front">5d6061e9d2659ab7976ab544d70cb4d5e83ac6f25937cf4205adca0934448122</data>
          <data type="image" name="back">47035b7df0421d3680ef46cc9e56e051f09bd94c6fafd2a666401ec5f17aabf6</data>
        </data>
        <data name="common">
          <data name="name">カード</data>
          <data name="size">2</data>
        </data>
        <data name="detail"></data>
      </data>
    </card>
    <card location.name="table" location.x="350" location.y="200" posZ="0" state="1" rotate="0" owner="" zindex="0">
      <data name="card">
        <data name="image">
          <data type="image" name="imageIdentifier"></data>
          <data type="image" name="front">d659ee615dfd9852dd6732a2b4f5cbdfc65766e150dc4fe7d3a4c923b6df2cb6</data>
          <data type="image" name="back">47035b7df0421d3680ef46cc9e56e051f09bd94c6fafd2a666401ec5f17aabf6</data>
        </data>
        <data name="common">
          <data name="name">カード</data>
          <data name="size">2</data>
        </data>
        <data name="detail"></data>
      </data>
    </card>
    <card location.name="table" location.x="75" location.y="475" posZ="0" state="1" rotate="0" owner="" zindex="0">
      <data name="card">
        <data name="image">
          <data type="image" name="imageIdentifier"></data>
          <data type="image" name="front">7386441798010558d94aad28c9c7f8d19aafd1868e444a901ac094b212c7f85a</data>
          <data type="image" name="back">47035b7df0421d3680ef46cc9e56e051f09bd94c6fafd2a666401ec5f17aabf6</data>
        </data>
        <data name="common">
          <data name="name">カード</data>
          <data name="size">2</data>
        </data>
        <data name="detail"></data>
      </data>
    </card>
    <card location.name="table" location.x="-1250" location.y="425" posZ="1.1273751687860468e-13" state="1" rotate="0" owner="" zindex="0">
      <data name="card">
        <data name="image">
          <data type="image" name="imageIdentifier"></data>
          <data type="image" name="front">bbd7c4b699cca7e89a11d62043c7ed80d803b22768d1927af56f8e7b67abfbd4</data>
          <data type="image" name="back">47035b7df0421d3680ef46cc9e56e051f09bd94c6fafd2a666401ec5f17aabf6</data>
        </data>
        <data name="common">
          <data name="name">カード</data>
          <data name="size">2</data>
        </data>
        <data name="detail"></data>
      </data>
    </card>
    <card location.name="table" location.x="-25" location.y="450" posZ="0" state="1" rotate="0" owner="" zindex="0">
      <data name="card">
        <data name="image">
          <data type="image" name="imageIdentifier"></data>
          <data type="image" name="front">c027dd0928fe925a978390d5237d36e11c4febe30889f19def0812f1eaebcd07</data>
          <data type="image" name="back">47035b7df0421d3680ef46cc9e56e051f09bd94c6fafd2a666401ec5f17aabf6</data>
        </data>
        <data name="common">
          <data name="name">カード</data>
          <data name="size">2</data>
        </data>
        <data name="detail"></data>
      </data>
    </card>
    <card location.name="table" location.x="-25" location.y="450" posZ="0" state="1" rotate="0" owner="" zindex="0">
      <data name="card">
        <data name="image">
          <data type="image" name="imageIdentifier"></data>
          <data type="image" name="front">daf84fbcaba75c8973efc0692819d9c29d9cf2e6d80e41e1d301a000cc9bb450</data>
          <data type="image" name="back">47035b7df0421d3680ef46cc9e56e051f09bd94c6fafd2a666401ec5f17aabf6</data>
        </data>
        <data name="common">
          <data name="name">カード</data>
          <data name="size">2</data>
        </data>
        <data name="detail"></data>
      </data>
    </card>
  </node>
</card-stack>