<?xml version="1.0" encoding="UTF-8"?>
<card-stack location.name="table" location.x="-525" location.y="300" posZ="0" rotate="0" zindex="204" owner="" isShowTotal="false">
  <data name="card-stack">
    <data name="image">
      <data type="image" name="imageIdentifier"></data>
    </data>
    <data name="common">
      <data name="name">プロットカード</data>
    </data>
    <data name="detail">
      <data name="使い方">
        <data name="" type="note">1～6番までのカードの山札です。
「カード一覧」から中身を確認し、プロット時に使用して下さい。</data>
      </data>
    </data>
  </data>
  <node name="cardRoot">
    <card location.name="table" location.x="-525" location.y="300" posZ="0" state="1" rotate="0" owner="" zindex="0">
      <data name="card">
        <data name="image">
          <data type="image" name="imageIdentifier"></data>
          <data type="image" name="front">3c005106f58e26e6cdf9a9fad66a981668ad5819b1ac7e3b0bdcbac3ccb43c7e</data>
          <data type="image" name="back">c8d9d522d11426d541ddcdea007c1efc0728b4d649d4b17461b425cf51234700</data>
        </data>
        <data name="common">
          <data name="name">カード</data>
          <data name="size">2</data>
        </data>
        <data name="detail"></data>
      </data>
    </card>
    <card location.name="table" location.x="350" location.y="200" posZ="0" state="1" rotate="0" owner="" zindex="0">
      <data name="card">
        <data name="image">
          <data type="image" name="imageIdentifier"></data>
          <data type="image" name="front">5912a430cea5bba183ccec80f026f153214bc3fd1a0ba422d4ac98e56ead6c4f</data>
          <data type="image" name="back">c8d9d522d11426d541ddcdea007c1efc0728b4d649d4b17461b425cf51234700</data>
        </data>
        <data name="common">
          <data name="name">カード</data>
          <data name="size">2</data>
        </data>
        <data name="detail"></data>
      </data>
    </card>
    <card location.name="table" location.x="75" location.y="475" posZ="0" state="1" rotate="0" owner="" zindex="0">
      <data name="card">
        <data name="image">
          <data type="image" name="imageIdentifier"></data>
          <data type="image" name="front">23303115dd4a3c7e314fb9857457620b2ba5cdd6b6e2016d6d133244cbf7d52e</data>
          <data type="image" name="back">c8d9d522d11426d541ddcdea007c1efc0728b4d649d4b17461b425cf51234700</data>
        </data>
        <data name="common">
          <data name="name">カード</data>
          <data name="size">2</data>
        </data>
        <data name="detail"></data>
      </data>
    </card>
    <card location.name="table" location.x="-1250" location.y="425" posZ="1.1273751687860468e-13" state="1" rotate="0" owner="" zindex="0">
      <data name="card">
        <data name="image">
          <data type="image" name="imageIdentifier"></data>
          <data type="image" name="front">dfe4c2603cd54a8b09b5f7d49faf03ba89888a0c40bce886e8a92b375b4270bf</data>
          <data type="image" name="back">c8d9d522d11426d541ddcdea007c1efc0728b4d649d4b17461b425cf51234700</data>
        </data>
        <data name="common">
          <data name="name">カード</data>
          <data name="size">2</data>
        </data>
        <data name="detail"></data>
      </data>
    </card>
    <card location.name="table" location.x="-25" location.y="450" posZ="0" state="1" rotate="0" owner="" zindex="0">
      <data name="card">
        <data name="image">
          <data type="image" name="imageIdentifier"></data>
          <data type="image" name="front">9b177899f862c4f5790ca509135ed635498666fa1e9829eafcbc8a7b78cb080a</data>
          <data type="image" name="back">c8d9d522d11426d541ddcdea007c1efc0728b4d649d4b17461b425cf51234700</data>
        </data>
        <data name="common">
          <data name="name">カード</data>
          <data name="size">2</data>
        </data>
        <data name="detail"></data>
      </data>
    </card>
    <card location.name="table" location.x="-25" location.y="450" posZ="0" state="1" rotate="0" owner="" zindex="0">
      <data name="card">
        <data name="image">
          <data type="image" name="imageIdentifier"></data>
          <data type="image" name="front">b59b7cf15fcd8ebad33c48f414bded5a4f1aa2d931dfb740b636a2f33fed3197</data>
          <data type="image" name="back">c8d9d522d11426d541ddcdea007c1efc0728b4d649d4b17461b425cf51234700</data>
        </data>
        <data name="common">
          <data name="name">カード</data>
          <data name="size">2</data>
        </data>
        <data name="detail"></data>
      </data>
    </card>
  </node>
</card-stack>