<?xml version="1.0" encoding="UTF-8"?>
<card-stack location.name="table" location.x="-400" location.y="550" posZ="0" rotate="0" zindex="201" owner="" isShowTotal="false">
  <data name="card-stack">
    <data name="image">
      <data type="image" name="imageIdentifier"></data>
    </data>
    <data name="common">
      <data name="name">プロットカード</data>
    </data>
    <data name="detail">
      <data name="使い方">
        <data name="" type="note">1～6番までのカードの山札です。
「カード一覧」から中身を確認し、プロット時に使用して下さい。</data>
      </data>
    </data>
  </data>
  <node name="cardRoot">
    <card location.name="table" location.x="925" location.y="50" posZ="0" state="1" rotate="0" owner="" zindex="0">
      <data name="card">
        <data name="image">
          <data type="image" name="imageIdentifier"></data>
          <data type="image" name="front">8fae8c700d7232656fbfffaf7e9ce23fe9284da49c524f25df401c98d43fb8ce</data>
          <data type="image" name="back">0836018749178ff24fb240c6857b0bb52ecc31b2973883a6fc28fc982bdfb914</data>
        </data>
        <data name="common">
          <data name="name">カード</data>
          <data name="size">2</data>
        </data>
        <data name="detail"></data>
      </data>
    </card>
    <card location.name="table" location.x="350" location.y="200" posZ="0" state="1" rotate="0" owner="" zindex="0">
      <data name="card">
        <data name="image">
          <data type="image" name="imageIdentifier"></data>
          <data type="image" name="front">ae527f3718bcf1da72509e9bb7fc483373693e5c5112f49376a774215e5eaf6f</data>
          <data type="image" name="back">0836018749178ff24fb240c6857b0bb52ecc31b2973883a6fc28fc982bdfb914</data>
        </data>
        <data name="common">
          <data name="name">カード</data>
          <data name="size">2</data>
        </data>
        <data name="detail"></data>
      </data>
    </card>
    <card location.name="table" location.x="75" location.y="475" posZ="0" state="1" rotate="0" owner="" zindex="0">
      <data name="card">
        <data name="image">
          <data type="image" name="imageIdentifier"></data>
          <data type="image" name="front">7135cf982a47a2b4d7421365b7f6c9073ed4ed1b665ff1074152625f77611ee6</data>
          <data type="image" name="back">0836018749178ff24fb240c6857b0bb52ecc31b2973883a6fc28fc982bdfb914</data>
        </data>
        <data name="common">
          <data name="name">カード</data>
          <data name="size">2</data>
        </data>
        <data name="detail"></data>
      </data>
    </card>
    <card location.name="table" location.x="-1250" location.y="425" posZ="1.1273751687860468e-13" state="1" rotate="0" owner="" zindex="0">
      <data name="card">
        <data name="image">
          <data type="image" name="imageIdentifier"></data>
          <data type="image" name="front">3c81863bd929df2e8d945cd4b697fcf2de5febd98b0644b62501f6fa27857af0</data>
          <data type="image" name="back">0836018749178ff24fb240c6857b0bb52ecc31b2973883a6fc28fc982bdfb914</data>
        </data>
        <data name="common">
          <data name="name">カード</data>
          <data name="size">2</data>
        </data>
        <data name="detail"></data>
      </data>
    </card>
    <card location.name="table" location.x="-25" location.y="450" posZ="0" state="1" rotate="0" owner="" zindex="0">
      <data name="card">
        <data name="image">
          <data type="image" name="imageIdentifier"></data>
          <data type="image" name="front">813741e685ec9f19c944b0c97d621773e0e1d8ad51ffc74ee24fad45f898e38b</data>
          <data type="image" name="back">0836018749178ff24fb240c6857b0bb52ecc31b2973883a6fc28fc982bdfb914</data>
        </data>
        <data name="common">
          <data name="name">カード</data>
          <data name="size">2</data>
        </data>
        <data name="detail"></data>
      </data>
    </card>
    <card location.name="table" location.x="-25" location.y="450" posZ="0" state="1" rotate="0" owner="" zindex="0">
      <data name="card">
        <data name="image">
          <data type="image" name="imageIdentifier"></data>
          <data type="image" name="front">2ae66bb21b7cff6bf8f97b329738e31b94d313dbcd6e22d59279f186faa70f89</data>
          <data type="image" name="back">0836018749178ff24fb240c6857b0bb52ecc31b2973883a6fc28fc982bdfb914</data>
        </data>
        <data name="common">
          <data name="name">カード</data>
          <data name="size">2</data>
        </data>
        <data name="detail"></data>
      </data>
    </card>
  </node>
</card-stack>