<?xml version="1.0" encoding="UTF-8"?>
<dice-symbol location.name="table" location.x="275" location.y="50" posZ="0" face="1" owner="" rotate="0">
  <data name="dice-symbol">
    <data name="image">
      <data type="image" name="1">cfb334abc5e6e6bdc086fdfb3aceb9cb0f2493467771a372272a1a54e11cc9c0</data>
      <data type="image" name="2">25b29a8fd3c5b51954ff0be85e9f784f67b59e59a0d15788998207b261223dd2</data>
      <data type="image" name="3">5081fbb95a54c70505fe6b6372ece7406bb01beffd96b0d7bd8fc3ce1eb406d3</data>
      <data type="image" name="4">5b043b6ab81f18eb5ef95800fb2a2b978fb46dc0a7a7ea9b69112c6b5acb26de</data>
      <data type="image" name="5">04ba57aa2f60aa1ffe8296aecbdc9eb25d2e9bd370f88c13ec4436d4d0bc42c2</data>
      <data type="image" name="6">68f31a12f4e39f085ef784a4444a22c1fa6b870926e8108ee9cceedc25ed54c2</data>
      <data type="image" name="7">52b4cc2ea63d13bcf9110c3da53f07f8a36fc6fb341fb51700f6fb9389a755d9</data>
      <data type="image" name="8">3de9830c3ed7195ca98c8a5f96147d01754290df7eadddebab747153ddfa2aea</data>
      <data type="image" name="9">3f47075e581823b05dcc8febf2d25654adb982d9dba0f838bfd3470edeb66f11</data>
      <data type="image" name="10">3088199d561f1750903743b3355b4ee0c4935a77d6d69a19688e068025c71e9a</data>
      <data type="image" name="11">00de64544e7f206dbbaa9913156ac50f3e87b7eb0c3df4281070319bfa909d31</data>
      <data type="image" name="12">4a0a1773ccc693cbf71e17fafbffe2fc9b9c567b3cd1940c63c4b7a7278277f6</data>
    </data>
    <data name="common">
      <data name="name">Time</data>
      <data name="size">2</data>
    </data>
    <data name="detail"></data>
  </data>
</dice-symbol>