<?xml version="1.0" encoding="UTF-8"?>
<terrain location.name="table" location.x="574" location.y="206" posZ="0" isLocked="false" mode="3" rotate="0">
  <data name="terrain">
    <data name="image">
      <data type="image" name="imageIdentifier"></data>
      <data type="image" name="wall">./assets/images/tex.jpg</data>
      <data type="image" name="floor">afdee1a2086337644c762d3794a02c68d045d8c777eaeb7a7a6b8ee0402207e0</data>
    </data>
    <data name="common">
      <data name="name">地形</data>
      <data name="width">1</data>
      <data name="height">0</data>
      <data name="depth">3</data>
    </data>
    <data name="detail"></data>
  </data>
</terrain>