<?xml version="1.0" encoding="UTF-8"?>
<card-stack location.name="table" location.x="-525" location.y="50" posZ="0" rotate="0" zindex="202" owner="" isShowTotal="false">
  <data name="card-stack">
    <data name="image">
      <data type="image" name="imageIdentifier"></data>
    </data>
    <data name="common">
      <data name="name">プロットカード</data>
    </data>
    <data name="detail">
      <data name="使い方">
        <data name="" type="note">1～6番までのカードの山札です。
「カード一覧」から中身を確認し、プロット時に使用して下さい。</data>
      </data>
    </data>
  </data>
  <node name="cardRoot">
    <card location.name="table" location.x="925" location.y="50" posZ="0" state="1" rotate="0" owner="" zindex="0">
      <data name="card">
        <data name="image">
          <data type="image" name="imageIdentifier"></data>
          <data type="image" name="front">7f39d6acd8e1138c4eea227d31030624abfaff573b2fdc4036a50742722de017</data>
          <data type="image" name="back">108192348e08fc0ac273597c8c34b5e9a96364aa11f0cece320b1c605e8be6f2</data>
        </data>
        <data name="common">
          <data name="name">カード</data>
          <data name="size">2</data>
        </data>
        <data name="detail"></data>
      </data>
    </card>
    <card location.name="table" location.x="350" location.y="200" posZ="0" state="1" rotate="0" owner="" zindex="0">
      <data name="card">
        <data name="image">
          <data type="image" name="imageIdentifier"></data>
          <data type="image" name="front">71575f1f4e8a233f7d43940469db08a574352af5e5aeca45d1753070c2fcbdf7</data>
          <data type="image" name="back">108192348e08fc0ac273597c8c34b5e9a96364aa11f0cece320b1c605e8be6f2</data>
        </data>
        <data name="common">
          <data name="name">カード</data>
          <data name="size">2</data>
        </data>
        <data name="detail"></data>
      </data>
    </card>
    <card location.name="table" location.x="75" location.y="475" posZ="0" state="1" rotate="0" owner="" zindex="0">
      <data name="card">
        <data name="image">
          <data type="image" name="imageIdentifier"></data>
          <data type="image" name="front">bc59259bddd30dc7b7c3eb5b6ff5907d970d3d43be3cc8d510e94e3da9e57a6d</data>
          <data type="image" name="back">108192348e08fc0ac273597c8c34b5e9a96364aa11f0cece320b1c605e8be6f2</data>
        </data>
        <data name="common">
          <data name="name">カード</data>
          <data name="size">2</data>
        </data>
        <data name="detail"></data>
      </data>
    </card>
    <card location.name="table" location.x="-1250" location.y="425" posZ="1.1273751687860468e-13" state="1" rotate="0" owner="" zindex="0">
      <data name="card">
        <data name="image">
          <data type="image" name="imageIdentifier"></data>
          <data type="image" name="front">85453ba71f52e443f988260c25466774c134d4121f4ab4d7b328a5a36e3d32e0</data>
          <data type="image" name="back">108192348e08fc0ac273597c8c34b5e9a96364aa11f0cece320b1c605e8be6f2</data>
        </data>
        <data name="common">
          <data name="name">カード</data>
          <data name="size">2</data>
        </data>
        <data name="detail"></data>
      </data>
    </card>
    <card location.name="table" location.x="-25" location.y="450" posZ="0" state="1" rotate="0" owner="" zindex="0">
      <data name="card">
        <data name="image">
          <data type="image" name="imageIdentifier"></data>
          <data type="image" name="front">f0509a837777d2970b457fcda831e10b2c0ae3feb1948aec9c030fa751c9c009</data>
          <data type="image" name="back">108192348e08fc0ac273597c8c34b5e9a96364aa11f0cece320b1c605e8be6f2</data>
        </data>
        <data name="common">
          <data name="name">カード</data>
          <data name="size">2</data>
        </data>
        <data name="detail"></data>
      </data>
    </card>
    <card location.name="table" location.x="-25" location.y="450" posZ="0" state="1" rotate="0" owner="" zindex="0">
      <data name="card">
        <data name="image">
          <data type="image" name="imageIdentifier"></data>
          <data type="image" name="front">44a1aaf68aca2082a8a4444a4e92545b92ced55508da0b887c99444a61ff2521</data>
          <data type="image" name="back">108192348e08fc0ac273597c8c34b5e9a96364aa11f0cece320b1c605e8be6f2</data>
        </data>
        <data name="common">
          <data name="name">カード</data>
          <data name="size">2</data>
        </data>
        <data name="detail"></data>
      </data>
    </card>
  </node>
</card-stack>