<?xml version="1.0" encoding="UTF-8"?>
<card-stack location.name="table" location.x="-525" location.y="425" posZ="0" rotate="0" zindex="205" owner="" isShowTotal="false">
  <data name="card-stack">
    <data name="image">
      <data type="image" name="imageIdentifier"></data>
    </data>
    <data name="common">
      <data name="name">プロットカード</data>
    </data>
    <data name="detail">
      <data name="使い方">
        <data name="" type="note">1～6番までのカードの山札です。
「カード一覧」から中身を確認し、プロット時に使用して下さい。</data>
      </data>
    </data>
  </data>
  <node name="cardRoot">
    <card location.name="table" location.x="925" location.y="50" posZ="0" state="1" rotate="0" owner="" zindex="0">
      <data name="card">
        <data name="image">
          <data type="image" name="imageIdentifier"></data>
          <data type="image" name="front">559fad671c0f2ad777a5578eaf266f6576bb9ab4db0711cc1be2bae356839a0b</data>
          <data type="image" name="back">c78fd3346b2fdeac948b4011758aa9ee278fc25af37bc75e0be0c8e4f893ccb2</data>
        </data>
        <data name="common">
          <data name="name">カード</data>
          <data name="size">2</data>
        </data>
        <data name="detail"></data>
      </data>
    </card>
    <card location.name="table" location.x="350" location.y="200" posZ="0" state="1" rotate="0" owner="" zindex="0">
      <data name="card">
        <data name="image">
          <data type="image" name="imageIdentifier"></data>
          <data type="image" name="front">6d60f946ded7b9c1f0a465de75cfaa2f82cc7ec09bc5d3481bc8893fa3edab3c</data>
          <data type="image" name="back">c78fd3346b2fdeac948b4011758aa9ee278fc25af37bc75e0be0c8e4f893ccb2</data>
        </data>
        <data name="common">
          <data name="name">カード</data>
          <data name="size">2</data>
        </data>
        <data name="detail"></data>
      </data>
    </card>
    <card location.name="table" location.x="-525" location.y="425" posZ="0" state="1" rotate="0" owner="" zindex="0">
      <data name="card">
        <data name="image">
          <data type="image" name="imageIdentifier"></data>
          <data type="image" name="front">8aed918f539493f3aa0c60c2122f62125906f659b4a0900d9ca26f40c87a1748</data>
          <data type="image" name="back">c78fd3346b2fdeac948b4011758aa9ee278fc25af37bc75e0be0c8e4f893ccb2</data>
        </data>
        <data name="common">
          <data name="name">カード</data>
          <data name="size">2</data>
        </data>
        <data name="detail"></data>
      </data>
    </card>
    <card location.name="table" location.x="-1250" location.y="425" posZ="1.1273751687860468e-13" state="1" rotate="0" owner="" zindex="0">
      <data name="card">
        <data name="image">
          <data type="image" name="imageIdentifier"></data>
          <data type="image" name="front">6edee1155d292d95c8644443c5c75819232db44dc1dc982f2e1fa520d77d2d0f</data>
          <data type="image" name="back">c78fd3346b2fdeac948b4011758aa9ee278fc25af37bc75e0be0c8e4f893ccb2</data>
        </data>
        <data name="common">
          <data name="name">カード</data>
          <data name="size">2</data>
        </data>
        <data name="detail"></data>
      </data>
    </card>
    <card location.name="table" location.x="-25" location.y="450" posZ="0" state="1" rotate="0" owner="" zindex="0">
      <data name="card">
        <data name="image">
          <data type="image" name="imageIdentifier"></data>
          <data type="image" name="front">05c39d1a20bf72598b7011ddfe46595704569a34675ab466e1b534a0f94c269e</data>
          <data type="image" name="back">c78fd3346b2fdeac948b4011758aa9ee278fc25af37bc75e0be0c8e4f893ccb2</data>
        </data>
        <data name="common">
          <data name="name">カード</data>
          <data name="size">2</data>
        </data>
        <data name="detail"></data>
      </data>
    </card>
    <card location.name="table" location.x="-25" location.y="450" posZ="0" state="1" rotate="0" owner="" zindex="0">
      <data name="card">
        <data name="image">
          <data type="image" name="imageIdentifier"></data>
          <data type="image" name="front">1c9f43c2b6b9b050ecc7d98161b40ec4b5fb7e06aab87a9e5009abbb1e2199ea</data>
          <data type="image" name="back">c78fd3346b2fdeac948b4011758aa9ee278fc25af37bc75e0be0c8e4f893ccb2</data>
        </data>
        <data name="common">
          <data name="name">カード</data>
          <data name="size">2</data>
        </data>
        <data name="detail"></data>
      </data>
    </card>
  </node>
</card-stack>