<?xml version="1.0" encoding="UTF-8"?>
<text-note location.name="table" location.x="1250" location.y="200" posZ="0" rotate="0" zindex="0" password="">
  <data name="text-note">
    <data name="image">
      <data type="image" name="imageIdentifier">4136fa2988b6b16adedd400d64e64dca8d46378389df732217fba5a509c6428d</data>
    </data>
    <data name="common">
      <data name="width">4</data>
      <data name="height">3</data>
      <data name="fontsize">5</data>
      <data name="title">メモ</data>
      <data type="note" currentValue="テキストを入力してください" name="text">テキスト</data>
    </data>
    <data name="detail"></data>
  </data>
</text-note>