<?xml version="1.0" encoding="UTF-8"?>
<card-stack location.name="table" location.x="-525" location.y="175" posZ="0" rotate="0" zindex="203" owner="" isShowTotal="false">
  <data name="card-stack">
    <data name="image">
      <data type="image" name="imageIdentifier"></data>
    </data>
    <data name="common">
      <data name="name">プロットカード</data>
    </data>
    <data name="detail">
      <data name="使い方">
        <data name="" type="note">1～6番までのカードの山札です。
「カード一覧」から中身を確認し、プロット時に使用して下さい。</data>
      </data>
    </data>
  </data>
  <node name="cardRoot">
    <card location.name="table" location.x="925" location.y="50" posZ="0" state="1" rotate="0" owner="" zindex="0">
      <data name="card">
        <data name="image">
          <data type="image" name="imageIdentifier"></data>
          <data type="image" name="front">b1f19b15ade0a8f87cf44dff46fbc75c744a1a84162fe050a821a765a99c3979</data>
          <data type="image" name="back">729a45219201cf459400a0dd96a9a048f7e3e604f45dfc484b199f30520eccb1</data>
        </data>
        <data name="common">
          <data name="name">カード</data>
          <data name="size">2</data>
        </data>
        <data name="detail"></data>
      </data>
    </card>
    <card location.name="table" location.x="350" location.y="200" posZ="0" state="1" rotate="0" owner="" zindex="0">
      <data name="card">
        <data name="image">
          <data type="image" name="imageIdentifier"></data>
          <data type="image" name="front">1602a17df9f7d02061a523715e2dc1f32e945e2a3f36c469307339bae4c94a7a</data>
          <data type="image" name="back">729a45219201cf459400a0dd96a9a048f7e3e604f45dfc484b199f30520eccb1</data>
        </data>
        <data name="common">
          <data name="name">カード</data>
          <data name="size">2</data>
        </data>
        <data name="detail"></data>
      </data>
    </card>
    <card location.name="table" location.x="75" location.y="475" posZ="0" state="1" rotate="0" owner="" zindex="0">
      <data name="card">
        <data name="image">
          <data type="image" name="imageIdentifier"></data>
          <data type="image" name="front">53d1c8cb79f50e75946870e9331390f37d22837e9cbe9ddb534c4c4f0b8deb2f</data>
          <data type="image" name="back">729a45219201cf459400a0dd96a9a048f7e3e604f45dfc484b199f30520eccb1</data>
        </data>
        <data name="common">
          <data name="name">カード</data>
          <data name="size">2</data>
        </data>
        <data name="detail"></data>
      </data>
    </card>
    <card location.name="table" location.x="-1250" location.y="425" posZ="1.1273751687860468e-13" state="1" rotate="0" owner="" zindex="0">
      <data name="card">
        <data name="image">
          <data type="image" name="imageIdentifier"></data>
          <data type="image" name="front">f4e99f0211c6f1a0e55126250bd951e07a0c55fb2b86c3835e0250f97dd1abd9</data>
          <data type="image" name="back">729a45219201cf459400a0dd96a9a048f7e3e604f45dfc484b199f30520eccb1</data>
        </data>
        <data name="common">
          <data name="name">カード</data>
          <data name="size">2</data>
        </data>
        <data name="detail"></data>
      </data>
    </card>
    <card location.name="table" location.x="-25" location.y="450" posZ="0" state="1" rotate="0" owner="" zindex="0">
      <data name="card">
        <data name="image">
          <data type="image" name="imageIdentifier"></data>
          <data type="image" name="front">4c049d3daf397690e6f01d2d7c732f718c114e28b87483d9d090ea0368565622</data>
          <data type="image" name="back">729a45219201cf459400a0dd96a9a048f7e3e604f45dfc484b199f30520eccb1</data>
        </data>
        <data name="common">
          <data name="name">カード</data>
          <data name="size">2</data>
        </data>
        <data name="detail"></data>
      </data>
    </card>
    <card location.name="table" location.x="-25" location.y="450" posZ="0" state="1" rotate="0" owner="" zindex="0">
      <data name="card">
        <data name="image">
          <data type="image" name="imageIdentifier"></data>
          <data type="image" name="front">09e5028fefcb77482684b5497d30a2d08e343cdd301ac695d651a3b9c321fc66</data>
          <data type="image" name="back">729a45219201cf459400a0dd96a9a048f7e3e604f45dfc484b199f30520eccb1</data>
        </data>
        <data name="common">
          <data name="name">カード</data>
          <data name="size">2</data>
        </data>
        <data name="detail"></data>
      </data>
    </card>
  </node>
</card-stack>