<?xml version="1.0" encoding="UTF-8"?>
<card-stack location.name="table" location.x="-400" location.y="425" posZ="0" rotate="0" zindex="203" owner="" isShowTotal="false">
  <data name="card-stack">
    <data name="image">
      <data type="image" name="imageIdentifier"></data>
    </data>
    <data name="common">
      <data name="name">プロットカード</data>
    </data>
    <data name="detail">
      <data name="使い方">
        <data name="" type="note">1～6番までのカードの山札です。
「カード一覧」から中身を確認し、プロット時に使用して下さい。</data>
      </data>
    </data>
  </data>
  <node name="cardRoot">
    <card location.name="table" location.x="925" location.y="50" posZ="0" state="1" rotate="0" owner="" zindex="0">
      <data name="card">
        <data name="image">
          <data type="image" name="imageIdentifier"></data>
          <data type="image" name="front">e0fa318d6cf1bc1f78beab1310147a40911c7fbc06621591f25855e5682d58d8</data>
          <data type="image" name="back">35d00ccca233f1f160015f17eae263291c8a9f64ef5676f14759d2908b284199</data>
        </data>
        <data name="common">
          <data name="name">カード</data>
          <data name="size">2</data>
        </data>
        <data name="detail"></data>
      </data>
    </card>
    <card location.name="table" location.x="350" location.y="200" posZ="0" state="1" rotate="0" owner="" zindex="0">
      <data name="card">
        <data name="image">
          <data type="image" name="imageIdentifier"></data>
          <data type="image" name="front">5f9287baeb0e78d7af7a0e49195aae622691f004f942dc0eaa3f87283ab38658</data>
          <data type="image" name="back">35d00ccca233f1f160015f17eae263291c8a9f64ef5676f14759d2908b284199</data>
        </data>
        <data name="common">
          <data name="name">カード</data>
          <data name="size">2</data>
        </data>
        <data name="detail"></data>
      </data>
    </card>
    <card location.name="table" location.x="75" location.y="475" posZ="0" state="1" rotate="0" owner="" zindex="0">
      <data name="card">
        <data name="image">
          <data type="image" name="imageIdentifier"></data>
          <data type="image" name="front">7d72d9bbc1fe60ef703f23bf444481c65932dca9dc0abc2f09c71f3ccaa20f52</data>
          <data type="image" name="back">35d00ccca233f1f160015f17eae263291c8a9f64ef5676f14759d2908b284199</data>
        </data>
        <data name="common">
          <data name="name">カード</data>
          <data name="size">2</data>
        </data>
        <data name="detail"></data>
      </data>
    </card>
    <card location.name="table" location.x="-1250" location.y="425" posZ="1.1273751687860468e-13" state="1" rotate="0" owner="" zindex="0">
      <data name="card">
        <data name="image">
          <data type="image" name="imageIdentifier"></data>
          <data type="image" name="front">cc97823959ca8b5bd5501cac2040d6f63f1201ce095d77da5e65902451262e5a</data>
          <data type="image" name="back">35d00ccca233f1f160015f17eae263291c8a9f64ef5676f14759d2908b284199</data>
        </data>
        <data name="common">
          <data name="name">カード</data>
          <data name="size">2</data>
        </data>
        <data name="detail"></data>
      </data>
    </card>
    <card location.name="table" location.x="-25" location.y="450" posZ="0" state="1" rotate="0" owner="" zindex="0">
      <data name="card">
        <data name="image">
          <data type="image" name="imageIdentifier"></data>
          <data type="image" name="front">aa96dd19bde3d24e120729c06d44ada450ab4416753385b87efb3577f3cc51e7</data>
          <data type="image" name="back">35d00ccca233f1f160015f17eae263291c8a9f64ef5676f14759d2908b284199</data>
        </data>
        <data name="common">
          <data name="name">カード</data>
          <data name="size">2</data>
        </data>
        <data name="detail"></data>
      </data>
    </card>
    <card location.name="table" location.x="-25" location.y="450" posZ="0" state="1" rotate="0" owner="" zindex="0">
      <data name="card">
        <data name="image">
          <data type="image" name="imageIdentifier"></data>
          <data type="image" name="front">f562a10d8f4da04d46fcf2f64962ebe4b7678f9c6d276f9302c353e26524b89c</data>
          <data type="image" name="back">35d00ccca233f1f160015f17eae263291c8a9f64ef5676f14759d2908b284199</data>
        </data>
        <data name="common">
          <data name="name">カード</data>
          <data name="size">2</data>
        </data>
        <data name="detail"></data>
      </data>
    </card>
  </node>
</card-stack>