<?xml version="1.0" encoding="UTF-8"?>
<card-stack location.name="table" location.x="-400" location.y="300" posZ="0" rotate="0" zindex="204" owner="" isShowTotal="false">
  <data name="card-stack">
    <data name="image">
      <data type="image" name="imageIdentifier"></data>
    </data>
    <data name="common">
      <data name="name">プロットカード</data>
    </data>
    <data name="detail">
      <data name="使い方">
        <data name="" type="note">1～6番までのカードの山札です。
「カード一覧」から中身を確認し、プロット時に使用して下さい。</data>
      </data>
    </data>
  </data>
  <node name="cardRoot">
    <card location.name="table" location.x="925" location.y="50" posZ="0" state="1" rotate="0" owner="" zindex="0">
      <data name="card">
        <data name="image">
          <data type="image" name="imageIdentifier"></data>
          <data type="image" name="front">68ec66f5a2a413c7aaf42bea0ac9708b8dcc84ec10006f8a70ea5ec7519b5ef3</data>
          <data type="image" name="back">c00bdd9ca7ebe5853393bea62412326b379c945168764c56f1c2636d3c7d862b</data>
        </data>
        <data name="common">
          <data name="name">カード</data>
          <data name="size">2</data>
        </data>
        <data name="detail"></data>
      </data>
    </card>
    <card location.name="table" location.x="350" location.y="200" posZ="0" state="1" rotate="0" owner="" zindex="0">
      <data name="card">
        <data name="image">
          <data type="image" name="imageIdentifier"></data>
          <data type="image" name="front">301ce4a140462ac1631843d2b4bfb6ce77be3ed9f12e5ce990107e8724c7ff4a</data>
          <data type="image" name="back">c00bdd9ca7ebe5853393bea62412326b379c945168764c56f1c2636d3c7d862b</data>
        </data>
        <data name="common">
          <data name="name">カード</data>
          <data name="size">2</data>
        </data>
        <data name="detail"></data>
      </data>
    </card>
    <card location.name="table" location.x="75" location.y="475" posZ="0" state="1" rotate="0" owner="" zindex="0">
      <data name="card">
        <data name="image">
          <data type="image" name="imageIdentifier"></data>
          <data type="image" name="front">c9150f60e1ea30bb8901e60f1f0bc814a0e5ef75135d3189e0b7ceade104ae41</data>
          <data type="image" name="back">c00bdd9ca7ebe5853393bea62412326b379c945168764c56f1c2636d3c7d862b</data>
        </data>
        <data name="common">
          <data name="name">カード</data>
          <data name="size">2</data>
        </data>
        <data name="detail"></data>
      </data>
    </card>
    <card location.name="table" location.x="-1250" location.y="425" posZ="1.1273751687860468e-13" state="1" rotate="0" owner="" zindex="0">
      <data name="card">
        <data name="image">
          <data type="image" name="imageIdentifier"></data>
          <data type="image" name="front">1de6988c3c34c72a455f028a77c4e5af9b75dad8cbd93875643e05adf35f2e68</data>
          <data type="image" name="back">c00bdd9ca7ebe5853393bea62412326b379c945168764c56f1c2636d3c7d862b</data>
        </data>
        <data name="common">
          <data name="name">カード</data>
          <data name="size">2</data>
        </data>
        <data name="detail"></data>
      </data>
    </card>
    <card location.name="table" location.x="-25" location.y="450" posZ="0" state="1" rotate="0" owner="" zindex="0">
      <data name="card">
        <data name="image">
          <data type="image" name="imageIdentifier"></data>
          <data type="image" name="front">a6925c9dfa1a9b2f949de0402f36088892e0d98cea9d735be6ea21de55ef8a78</data>
          <data type="image" name="back">c00bdd9ca7ebe5853393bea62412326b379c945168764c56f1c2636d3c7d862b</data>
        </data>
        <data name="common">
          <data name="name">カード</data>
          <data name="size">2</data>
        </data>
        <data name="detail"></data>
      </data>
    </card>
    <card location.name="table" location.x="-25" location.y="450" posZ="0" state="1" rotate="0" owner="" zindex="0">
      <data name="card">
        <data name="image">
          <data type="image" name="imageIdentifier"></data>
          <data type="image" name="front">0b9972c2dd8c9e83dadf3ddeb6ae9461720b58df405c88a23939f09bc14a47e2</data>
          <data type="image" name="back">c00bdd9ca7ebe5853393bea62412326b379c945168764c56f1c2636d3c7d862b</data>
        </data>
        <data name="common">
          <data name="name">カード</data>
          <data name="size">2</data>
        </data>
        <data name="detail"></data>
      </data>
    </card>
  </node>
</card-stack>