<?xml version="1.0" encoding="UTF-8"?>
<card-stack location.name="table" location.x="-525" location.y="550" posZ="0" rotate="0" zindex="206" owner="" isShowTotal="false">
  <data name="card-stack">
    <data name="image">
      <data type="image" name="imageIdentifier"></data>
    </data>
    <data name="common">
      <data name="name">プロットカード</data>
    </data>
    <data name="detail">
      <data name="使い方">
        <data name="" type="note">1～6番までのカードの山札です。
「カード一覧」から中身を確認し、プロット時に使用して下さい。</data>
      </data>
    </data>
  </data>
  <node name="cardRoot">
    <card location.name="table" location.x="925" location.y="50" posZ="0" state="1" rotate="0" owner="" zindex="0">
      <data name="card">
        <data name="image">
          <data type="image" name="imageIdentifier"></data>
          <data type="image" name="front">3bba45185f34ba7f0ef6babdeeddb21ebafc561f3157ae1897d809f9922fff5b</data>
          <data type="image" name="back">b3c21918ea351a1fce3be4a19835789b31facfb5aa1c7e0942d384339da020e4</data>
        </data>
        <data name="common">
          <data name="name">カード</data>
          <data name="size">2</data>
        </data>
        <data name="detail"></data>
      </data>
    </card>
    <card location.name="table" location.x="350" location.y="200" posZ="0" state="1" rotate="0" owner="" zindex="0">
      <data name="card">
        <data name="image">
          <data type="image" name="imageIdentifier"></data>
          <data type="image" name="front">793fad50e4dce447b6f42fb2f8c6e71fc7b529bb084a47524912d27b19382daf</data>
          <data type="image" name="back">b3c21918ea351a1fce3be4a19835789b31facfb5aa1c7e0942d384339da020e4</data>
        </data>
        <data name="common">
          <data name="name">カード</data>
          <data name="size">2</data>
        </data>
        <data name="detail"></data>
      </data>
    </card>
    <card location.name="table" location.x="75" location.y="475" posZ="0" state="1" rotate="0" owner="" zindex="0">
      <data name="card">
        <data name="image">
          <data type="image" name="imageIdentifier"></data>
          <data type="image" name="front">422bdf3f45e7cba1b3452546ae841834a7fee9434146153902c9dd96cd532e02</data>
          <data type="image" name="back">b3c21918ea351a1fce3be4a19835789b31facfb5aa1c7e0942d384339da020e4</data>
        </data>
        <data name="common">
          <data name="name">カード</data>
          <data name="size">2</data>
        </data>
        <data name="detail"></data>
      </data>
    </card>
    <card location.name="table" location.x="-1250" location.y="425" posZ="1.1273751687860468e-13" state="1" rotate="0" owner="" zindex="0">
      <data name="card">
        <data name="image">
          <data type="image" name="imageIdentifier"></data>
          <data type="image" name="front">e2cb108fb8568deda35289a88c698742503dbe99eb26e0514241a9b7ea3bf9a2</data>
          <data type="image" name="back">b3c21918ea351a1fce3be4a19835789b31facfb5aa1c7e0942d384339da020e4</data>
        </data>
        <data name="common">
          <data name="name">カード</data>
          <data name="size">2</data>
        </data>
        <data name="detail"></data>
      </data>
    </card>
    <card location.name="table" location.x="-25" location.y="450" posZ="0" state="1" rotate="0" owner="" zindex="0">
      <data name="card">
        <data name="image">
          <data type="image" name="imageIdentifier"></data>
          <data type="image" name="front">dfef86f035b0548369acc54db3fd1b8fec9e49f15f745dc66c950cb7051ccf16</data>
          <data type="image" name="back">b3c21918ea351a1fce3be4a19835789b31facfb5aa1c7e0942d384339da020e4</data>
        </data>
        <data name="common">
          <data name="name">カード</data>
          <data name="size">2</data>
        </data>
        <data name="detail"></data>
      </data>
    </card>
    <card location.name="table" location.x="-25" location.y="450" posZ="0" state="1" rotate="0" owner="" zindex="0">
      <data name="card">
        <data name="image">
          <data type="image" name="imageIdentifier"></data>
          <data type="image" name="front">1e770d52d33464767fc8727f54beb00e3696522178541804cb300ce1b0e557af</data>
          <data type="image" name="back">b3c21918ea351a1fce3be4a19835789b31facfb5aa1c7e0942d384339da020e4</data>
        </data>
        <data name="common">
          <data name="name">カード</data>
          <data name="size">2</data>
        </data>
        <data name="detail"></data>
      </data>
    </card>
  </node>
</card-stack>