<?xml version="1.0" encoding="UTF-8"?>
<terrain location.name="table" location.x="850" location.y="450" posZ="0" isLocked="true" mode="3" rotate="0">
  <data name="terrain">
    <data name="image">
      <data type="image" name="imageIdentifier"></data>
      <data type="image" name="wall">./assets/images/tex.jpg</data>
      <data type="image" name="floor">46fc594e944e805b37d2160fbf915d8bed8d5065cb77438d04ac96c799187509</data>
    </data>
    <data name="common">
      <data name="name">地形</data>
      <data name="width">2</data>
      <data name="height">0</data>
      <data name="depth">3</data>
    </data>
    <data name="detail"></data>
  </data>
</terrain>