<?xml version="1.0" encoding="UTF-8"?>
<text-note location.name="table" location.x="1250" location.y="200" posZ="0" rotate="0" zindex="0" password="">
  <data name="text-note">
    <data name="image">
      <data type="image" name="imageIdentifier">41de6b5512c3e9f14ff4b0ffd769edde8132c477a913b78dfe8a8e50396b3fcd</data>
    </data>
    <data name="common">
      <data name="width">4</data>
      <data name="height">3</data>
      <data name="fontsize">5</data>
      <data name="title">メモ</data>
      <data type="note" currentValue="テキストを入力してください" name="text">テキスト</data>
    </data>
    <data name="detail"></data>
  </data>
</text-note>