<?xml version="1.0" encoding="UTF-8"?>
<dice-symbol location.name="table" location.x="683" location.y="671" posZ="0" face="1" owner="" rotate="0">
  <data name="dice-symbol">
    <data name="image">
      <data type="image" name="1">25b6edf8201565ecd0946285367fb8b79c41979ae5544689e926396c1df2a6eb</data>
      <data type="image" name="2">09a56886e409403ae20d8a3686ce0e0b99a5e90e5e7af7939207c843531e99a1</data>
      <data type="image" name="3">8e05c5be2b3274c5f0e7822c3c45402da2154e7aab94d6780a1ba4e1b517000d</data>
      <data type="image" name="4">725c6beb03bfdbb9336edb7caa9670fd8af56721c833ee6360d97758baf813e3</data>
      <data type="image" name="5">781332b3dd6897e7b7b64793de30ce52845a9a3e266fc31b48f767e64f705a2c</data>
      <data type="image" name="6">32d95a4a1394b03a9d4bf608d4d10625533aa91717f0caa68995800e3a054217</data>
    </data>
    <data name="common">
      <data name="name">HO</data>
      <data name="size">1</data>
    </data>
    <data name="detail">
      <data name="表">
        <data name="" type="note"></data>
      </data>
      <data name="裏">
        <data name="" type="note"></data>
      </data>
    </data>
  </data>
</dice-symbol>