<?xml version="1.0" encoding="UTF-8"?>
<text-note location.name="table" location.x="1250" location.y="200" posZ="0" rotate="0" zindex="0" password="">
  <data name="text-note">
    <data name="image">
      <data type="image" name="imageIdentifier">8fb2f59a2060208d611191a4e93b4faa0b48fd4ef97f3c33a6cd19b352692f3d</data>
    </data>
    <data name="common">
      <data name="width">4</data>
      <data name="height">3</data>
      <data name="fontsize">5</data>
      <data name="title">メモ</data>
      <data type="note" currentValue="テキストを入力してください" name="text">テキスト</data>
    </data>
    <data name="detail"></data>
  </data>
</text-note>