<?xml version="1.0" encoding="UTF-8"?>
<room>
  <game-table name="最初のテーブル" width="45" height="45" gridSize="50" imageIdentifier="63812df2554f4492a8642e439c7bb9480f60bdfa3b628a3a7a537c7120a52fca" backgroundImageIdentifier="a3ce46ce7ba1a1bc3e7bbb3bdfadb0a46a83fbc4d342324e585df6fdd2533479" backgroundFilterType="black" selected="true" gridType="0" gridColor="#000000e6">
    <terrain location.name="table" location.x="250" location.y="75" posZ="0" isLocked="true" mode="3" rotate="0">
      <data name="terrain">
        <data name="image">
          <data type="image" name="imageIdentifier"></data>
          <data type="image" name="wall">./assets/images/tex.jpg</data>
          <data type="image" name="floor">57513a0c653bd9f9427d6b6c6702d845575d692aba3a777278e5b837fa39af19</data>
        </data>
        <data name="common">
          <data name="name">地形</data>
          <data name="width">35</data>
          <data name="height">0</data>
          <data name="depth">25</data>
        </data>
        <data name="detail"></data>
      </data>
    </terrain>
    <terrain location.name="table" location.x="1550" location.y="350" posZ="0" isLocked="true" mode="3" rotate="0">
      <data name="terrain">
        <data name="image">
          <data type="image" name="imageIdentifier"></data>
          <data type="image" name="wall">./assets/images/tex.jpg</data>
          <data type="image" name="floor">6b4909fc4cf158cdbd638b191d5d37ecfc8b0cc02434f5d579b9ccbc64dc4475</data>
        </data>
        <data name="common">
          <data name="name">地形</data>
          <data name="width">8</data>
          <data name="height">0</data>
          <data name="depth">6</data>
        </data>
        <data name="detail"></data>
      </data>
    </terrain>
    <terrain location.name="table" location.x="300" location.y="350" posZ="0" isLocked="true" mode="3" rotate="0">
      <data name="terrain">
        <data name="image">
          <data type="image" name="imageIdentifier"></data>
          <data type="image" name="wall">./assets/images/tex.jpg</data>
          <data type="image" name="floor">229810fe11f9b9d3a8fb067cc072b84e8a88b93655a4cab7a45eef3d988cea1d</data>
        </data>
        <data name="common">
          <data name="name">地形</data>
          <data name="width">8</data>
          <data name="height">0</data>
          <data name="depth">6</data>
        </data>
        <data name="detail"></data>
      </data>
    </terrain>
    <terrain location.name="table" location.x="1550" location.y="850" posZ="0" isLocked="true" mode="3" rotate="0">
      <data name="terrain">
        <data name="image">
          <data type="image" name="imageIdentifier"></data>
          <data type="image" name="wall">./assets/images/tex.jpg</data>
          <data type="image" name="floor">4fafecd55f66329c8ea4dc67bdf1b6e192d50e20513c8cffa3f1191eb9f0a4ad</data>
        </data>
        <data name="common">
          <data name="name">地形</data>
          <data name="width">8</data>
          <data name="height">0</data>
          <data name="depth">6</data>
        </data>
        <data name="detail"></data>
      </data>
    </terrain>
    <terrain location.name="table" location.x="925" location.y="850" posZ="0" isLocked="true" mode="3" rotate="0">
      <data name="terrain">
        <data name="image">
          <data type="image" name="imageIdentifier"></data>
          <data type="image" name="wall">./assets/images/tex.jpg</data>
          <data type="image" name="floor">9c2446cebd77d7cc8ea8a75c506434d8fd62a37cb5d6608fb48e1dc67be8b960</data>
        </data>
        <data name="common">
          <data name="name">地形</data>
          <data name="width">8</data>
          <data name="height">0</data>
          <data name="depth">6</data>
        </data>
        <data name="detail"></data>
      </data>
    </terrain>
    <terrain location.name="table" location.x="300" location.y="850" posZ="0" isLocked="true" mode="3" rotate="0">
      <data name="terrain">
        <data name="image">
          <data type="image" name="imageIdentifier"></data>
          <data type="image" name="wall">./assets/images/tex.jpg</data>
          <data type="image" name="floor">e21b7fbcada8af7e59d52285fe0e9c4b002c94527df711a634f54d97edecc34c</data>
        </data>
        <data name="common">
          <data name="name">地形</data>
          <data name="width">8</data>
          <data name="height">0</data>
          <data name="depth">6</data>
        </data>
        <data name="detail"></data>
      </data>
    </terrain>
    <terrain location.name="table" location.x="125" location.y="1400" posZ="0" isLocked="true" mode="3" rotate="0">
      <data name="terrain">
        <data name="image">
          <data type="image" name="imageIdentifier"></data>
          <data type="image" name="wall">./assets/images/tex.jpg</data>
          <data type="image" name="floor">012172639872d508e5d9b0f401d9b24528e53763edd72d026e9db3f9627d02dd</data>
        </data>
        <data name="common">
          <data name="name">地形</data>
          <data name="width">40</data>
          <data name="height">0</data>
          <data name="depth">15</data>
        </data>
        <data name="detail"></data>
      </data>
    </terrain>
    <terrain location.name="table" location.x="325" location.y="475" posZ="0" isLocked="true" mode="3" rotate="0">
      <data name="terrain">
        <data name="image">
          <data type="image" name="imageIdentifier"></data>
          <data type="image" name="wall">./assets/images/tex.jpg</data>
          <data type="image" name="floor">49e39dfdfd1ee7591f51bbf915ff52a664bd29da4dfccbcdaa307eb96ceefb84</data>
        </data>
        <data name="common">
          <data name="name">地形</data>
          <data name="width">2</data>
          <data name="height">0</data>
          <data name="depth">2</data>
        </data>
        <data name="detail"></data>
      </data>
    </terrain>
    <terrain location.name="table" location.x="325" location.y="975" posZ="0" isLocked="true" mode="3" rotate="0">
      <data name="terrain">
        <data name="image">
          <data type="image" name="imageIdentifier"></data>
          <data type="image" name="wall">./assets/images/tex.jpg</data>
          <data type="image" name="floor">72639b7b503f6509f27ec71de185f005d665f51fe5c4b6ea80854b63b6f2dba2</data>
        </data>
        <data name="common">
          <data name="name">地形</data>
          <data name="width">2</data>
          <data name="height">0</data>
          <data name="depth">2</data>
        </data>
        <data name="detail"></data>
      </data>
    </terrain>
    <terrain location.name="table" location.x="1575" location.y="975" posZ="0" isLocked="true" mode="3" rotate="0">
      <data name="terrain">
        <data name="image">
          <data type="image" name="imageIdentifier"></data>
          <data type="image" name="wall">./assets/images/tex.jpg</data>
          <data type="image" name="floor">6d279b7cd84e0c05aa12d07142e6b6c0d02d12de887ba282dec497e4629a6f14</data>
        </data>
        <data name="common">
          <data name="name">地形</data>
          <data name="width">2</data>
          <data name="height">0</data>
          <data name="depth">2</data>
        </data>
        <data name="detail"></data>
      </data>
    </terrain>
    <terrain location.name="table" location.x="950" location.y="975" posZ="0" isLocked="true" mode="3" rotate="0">
      <data name="terrain">
        <data name="image">
          <data type="image" name="imageIdentifier"></data>
          <data type="image" name="wall">./assets/images/tex.jpg</data>
          <data type="image" name="floor">f1af7079631cbf0fda769a08b8635e90589d8d02b77cc4ad907bf5ca2df96957</data>
        </data>
        <data name="common">
          <data name="name">地形</data>
          <data name="width">2</data>
          <data name="height">0</data>
          <data name="depth">2</data>
        </data>
        <data name="detail"></data>
      </data>
    </terrain>
    <terrain location.name="table" location.x="1575" location.y="475" posZ="4.1398166214452236e-14" isLocked="true" mode="3" rotate="0">
      <data name="terrain">
        <data name="image">
          <data type="image" name="imageIdentifier"></data>
          <data type="image" name="wall">./assets/images/tex.jpg</data>
          <data type="image" name="floor">8f346c126c6824024f4f9d56117736700389ef96fa2fd7e3409d85d78032b5ad</data>
        </data>
        <data name="common">
          <data name="name">地形</data>
          <data name="width">2</data>
          <data name="height">0</data>
          <data name="depth">2</data>
        </data>
        <data name="detail"></data>
      </data>
    </terrain>
  </game-table>
  <game-table name="白紙のテーブル" width="20" height="20" gridSize="50" imageIdentifier="63812df2554f4492a8642e439c7bb9480f60bdfa3b628a3a7a537c7120a52fca" backgroundImageIdentifier="imageIdentifier" backgroundFilterType="" selected="false" gridType="0" gridColor="#000000e6"></game-table>
  <character location.name="table" location.x="1875" location.y="350" posZ="4.547473508864641e-13" rotate="0" roll="0">
    <data name="character">
      <data name="image">
        <data type="image" name="imageIdentifier">1ee0b12f583321e1e49be35a276c1ebdaca69c54b471a56bb327015234e1e53b</data>
      </data>
      <data name="common">
        <data name="name">クルス</data>
        <data name="size">1</data>
      </data>
      <data name="detail">
        <data name="リソース">
          <data type="numberResource" currentValue="200" name="HP">200</data>
          <data type="numberResource" currentValue="100" name="MP">100</data>
        </data>
        <data name="情報">
          <data type="note" name="説明">ここに説明を書く
あいうえお</data>
          <data type="note" name="メモ">任意の文字列
１
２
３
４
５</data>
        </data>
        <data name="能力">
          <data name="器用度">24</data>
          <data name="敏捷度">24</data>
          <data name="筋力">24</data>
          <data name="生命力">24</data>
          <data name="知力">24</data>
          <data name="精神力">24</data>
        </data>
        <data name="戦闘特技">
          <data name="Lv1">全力攻撃</data>
          <data name="Lv3">武器習熟/ソード</data>
          <data name="Lv5">武器習熟/ソードⅡ</data>
          <data name="Lv7">頑強</data>
          <data name="Lv9">薙ぎ払い</data>
          <data name="自動">治癒適正</data>
        </data>
      </data>
    </data>
    <chat-palette dicebot="">チャットパレット入力例：
2d6+1 ダイスロール
１ｄ２０＋{敏捷}＋｛格闘｝　{name}の格闘！
//敏捷=10+{敏捷A}
//敏捷A=10
//格闘＝１</chat-palette>
  </character>
  <character location.name="table" location.x="1250" location.y="875" posZ="4.547473508864641e-13" rotate="0" roll="0">
    <data name="character">
      <data name="image">
        <data type="image" name="imageIdentifier">9a8fe2b702e119bfe2be0390fa58910e4fc6aecb1980871f476cdfe8835489c6</data>
      </data>
      <data name="common">
        <data name="name">菅原</data>
        <data name="size">1</data>
      </data>
      <data name="detail">
        <data name="リソース">
          <data type="numberResource" currentValue="200" name="HP">200</data>
          <data type="numberResource" currentValue="100" name="MP">100</data>
        </data>
        <data name="情報">
          <data type="note" name="説明">ここに説明を書く
あいうえお</data>
          <data type="note" name="メモ">任意の文字列
１
２
３
４
５</data>
        </data>
        <data name="能力">
          <data name="器用度">24</data>
          <data name="敏捷度">24</data>
          <data name="筋力">24</data>
          <data name="生命力">24</data>
          <data name="知力">24</data>
          <data name="精神力">24</data>
        </data>
        <data name="戦闘特技">
          <data name="Lv1">全力攻撃</data>
          <data name="Lv3">武器習熟/ソード</data>
          <data name="Lv5">武器習熟/ソードⅡ</data>
          <data name="Lv7">頑強</data>
          <data name="Lv9">薙ぎ払い</data>
          <data name="自動">治癒適正</data>
        </data>
      </data>
    </data>
    <chat-palette dicebot="">チャットパレット入力例：
2d6+1 ダイスロール
１ｄ２０＋{敏捷}＋｛格闘｝　{name}の格闘！
//敏捷=10+{敏捷A}
//敏捷A=10
//格闘＝１</chat-palette>
  </character>
  <character location.name="table" location.x="1875" location.y="875" posZ="0" rotate="0" roll="0">
    <data name="character">
      <data name="image">
        <data type="image" name="imageIdentifier">06c3d99a537d2c17c6452e4a7ba9a478cb8869186e9c2e6cb8e5518f3e68afc6</data>
      </data>
      <data name="common">
        <data name="name">葉養</data>
        <data name="size">1</data>
      </data>
      <data name="detail">
        <data name="リソース">
          <data type="numberResource" currentValue="200" name="HP">200</data>
          <data type="numberResource" currentValue="100" name="MP">100</data>
        </data>
        <data name="情報">
          <data type="note" name="説明">ここに説明を書く
あいうえお</data>
          <data type="note" name="メモ">任意の文字列
１
２
３
４
５</data>
        </data>
        <data name="能力">
          <data name="器用度">24</data>
          <data name="敏捷度">24</data>
          <data name="筋力">24</data>
          <data name="生命力">24</data>
          <data name="知力">24</data>
          <data name="精神力">24</data>
        </data>
        <data name="戦闘特技">
          <data name="Lv1">全力攻撃</data>
          <data name="Lv3">武器習熟/ソード</data>
          <data name="Lv5">武器習熟/ソードⅡ</data>
          <data name="Lv7">頑強</data>
          <data name="Lv9">薙ぎ払い</data>
          <data name="自動">治癒適正</data>
        </data>
      </data>
    </data>
    <chat-palette dicebot="">チャットパレット入力例：
2d6+1 ダイスロール
１ｄ２０＋{敏捷}＋｛格闘｝　{name}の格闘！
//敏捷=10+{敏捷A}
//敏捷A=10
//格闘＝１</chat-palette>
  </character>
  <character location.name="graveyard" location.x="1225" location.y="275" posZ="4.547473508864641e-13" rotate="15" roll="0">
    <data name="character">
      <data name="image">
        <data type="image" name="imageIdentifier">16f12302af390214119dcd15278282c9b0522d53e1b26d41b6bb8f734cb165f2</data>
      </data>
      <data name="common">
        <data name="name">秋山</data>
        <data name="size">1</data>
      </data>
      <data name="detail">
        <data name="リソース">
          <data type="numberResource" currentValue="200" name="HP">200</data>
          <data type="numberResource" currentValue="100" name="MP">100</data>
        </data>
        <data name="情報">
          <data type="note" name="説明">ここに説明を書く
あいうえお</data>
          <data type="note" name="メモ">任意の文字列
１
２
３
４
５</data>
        </data>
        <data name="能力">
          <data name="器用度">24</data>
          <data name="敏捷度">24</data>
          <data name="筋力">24</data>
          <data name="生命力">24</data>
          <data name="知力">24</data>
          <data name="精神力">24</data>
        </data>
        <data name="戦闘特技">
          <data name="Lv1">全力攻撃</data>
          <data name="Lv3">武器習熟/ソード</data>
          <data name="Lv5">武器習熟/ソードⅡ</data>
          <data name="Lv7">頑強</data>
          <data name="Lv9">薙ぎ払い</data>
          <data name="自動">治癒適正</data>
        </data>
      </data>
    </data>
    <chat-palette dicebot="">チャットパレット入力例：
2d6+1 ダイスロール
１ｄ２０＋{敏捷}＋｛格闘｝　{name}の格闘！
//敏捷=10+{敏捷A}
//敏捷A=10
//格闘＝１</chat-palette>
  </character>
  <character location.name="table" location.x="625" location.y="850" posZ="4.547473508864641e-13" rotate="0" roll="0">
    <data name="character">
      <data name="image">
        <data type="image" name="imageIdentifier">ef3b90fa3c8711ce710942ab8462d5a1e0083f567cbff79bbc5e9c4aaac14848</data>
      </data>
      <data name="common">
        <data name="name">毒島</data>
        <data name="size">1</data>
      </data>
      <data name="detail">
        <data name="リソース"></data>
      </data>
    </data>
    <chat-palette dicebot="">チャットパレット入力例：
2d6+1 ダイスロール
１ｄ２０＋{敏捷}＋｛格闘｝　{name}の格闘！
//敏捷=10+{敏捷A}
//敏捷A=10
//格闘＝１</chat-palette>
  </character>
  <character location.name="table" location.x="625" location.y="375" posZ="0" rotate="0" roll="0">
    <data name="character">
      <data name="image">
        <data type="image" name="imageIdentifier">16f12302af390214119dcd15278282c9b0522d53e1b26d41b6bb8f734cb165f2</data>
      </data>
      <data name="common">
        <data name="name">秋山</data>
        <data name="size">1</data>
      </data>
      <data name="detail">
        <data name="リソース">
          <data type="numberResource" currentValue="200" name="HP">200</data>
          <data type="numberResource" currentValue="100" name="MP">100</data>
        </data>
        <data name="情報">
          <data type="note" name="説明">ここに説明を書く
あいうえお</data>
          <data type="note" name="メモ">任意の文字列
１
２
３
４
５</data>
        </data>
        <data name="能力">
          <data name="器用度">24</data>
          <data name="敏捷度">24</data>
          <data name="筋力">24</data>
          <data name="生命力">24</data>
          <data name="知力">24</data>
          <data name="精神力">24</data>
        </data>
        <data name="戦闘特技">
          <data name="Lv1">全力攻撃</data>
          <data name="Lv3">武器習熟/ソード</data>
          <data name="Lv5">武器習熟/ソードⅡ</data>
          <data name="Lv7">頑強</data>
          <data name="Lv9">薙ぎ払い</data>
          <data name="自動">治癒適正</data>
        </data>
      </data>
    </data>
    <chat-palette dicebot="">チャットパレット入力例：
2d6+1 ダイスロール
１ｄ２０＋{敏捷}＋｛格闘｝　{name}の格闘！
//敏捷=10+{敏捷A}
//敏捷A=10
//格闘＝１</chat-palette>
  </character>
  <card-stack location.name="table" location.x="1100" location.y="950" posZ="1.940893146411094e-14" rotate="0" zindex="59" owner="" isShowTotal="true">
    <data name="card-stack">
      <data name="image">
        <data type="image" name="imageIdentifier"></data>
      </data>
      <data name="common">
        <data name="name">山札</data>
      </data>
      <data name="detail"></data>
    </data>
    <node name="cardRoot">
      <card location.name="table" location.x="1100" location.y="975" posZ="1.8930986588588168e-14" state="0" rotate="0" owner="" zindex="0">
        <data name="card">
          <data name="image">
            <data type="image" name="imageIdentifier"></data>
            <data type="image" name="front">fc665670ea774476a77ad46fa8374af2729a6e4b950cc7476a4797584e5cb3ff</data>
            <data type="image" name="back">fc665670ea774476a77ad46fa8374af2729a6e4b950cc7476a4797584e5cb3ff</data>
          </data>
          <data name="common">
            <data name="name">カード</data>
            <data name="size">4</data>
          </data>
          <data name="detail"></data>
        </data>
      </card>
      <card location.name="table" location.x="1100" location.y="975" posZ="1.8930986588588168e-14" state="1" rotate="0" owner="" zindex="0">
        <data name="card">
          <data name="image">
            <data type="image" name="imageIdentifier"></data>
            <data type="image" name="front">1c6198e918276b12cf170535729265de58cd808325e61457b8ca9401dd722c21</data>
            <data type="image" name="back">4fafecd55f66329c8ea4dc67bdf1b6e192d50e20513c8cffa3f1191eb9f0a4ad</data>
          </data>
          <data name="common">
            <data name="name">カード</data>
            <data name="size">4</data>
          </data>
          <data name="detail"></data>
        </data>
      </card>
      <card location.name="table" location.x="1100" location.y="975" posZ="1.8930986588588168e-14" state="1" rotate="0" owner="" zindex="0">
        <data name="card">
          <data name="image">
            <data type="image" name="imageIdentifier"></data>
            <data type="image" name="front">92511f5e9d783bd1b23243934e1fda017454789dbce57d9d521bd6d720ed2c05</data>
            <data type="image" name="back">4fafecd55f66329c8ea4dc67bdf1b6e192d50e20513c8cffa3f1191eb9f0a4ad</data>
          </data>
          <data name="common">
            <data name="name">カード</data>
            <data name="size">4</data>
          </data>
          <data name="detail"></data>
        </data>
      </card>
      <card location.name="table" location.x="1100" location.y="975" posZ="1.8930986588588168e-14" state="1" rotate="0" owner="" zindex="0">
        <data name="card">
          <data name="image">
            <data type="image" name="imageIdentifier"></data>
            <data type="image" name="front">db20c24d4d1f02d38ff452dbb692ec34694ce447624007a0c424f9c832922432</data>
            <data type="image" name="back">4fafecd55f66329c8ea4dc67bdf1b6e192d50e20513c8cffa3f1191eb9f0a4ad</data>
          </data>
          <data name="common">
            <data name="name">カード</data>
            <data name="size">4</data>
          </data>
          <data name="detail"></data>
        </data>
      </card>
      <card location.name="table" location.x="1100" location.y="975" posZ="1.8930986588588168e-14" state="1" rotate="0" owner="" zindex="0">
        <data name="card">
          <data name="image">
            <data type="image" name="imageIdentifier"></data>
            <data type="image" name="front">3a178dc3af36db2d44190987de81c464ad71c4de6a1d2fd7de08fcf9959ce241</data>
            <data type="image" name="back">4fafecd55f66329c8ea4dc67bdf1b6e192d50e20513c8cffa3f1191eb9f0a4ad</data>
          </data>
          <data name="common">
            <data name="name">カード</data>
            <data name="size">4</data>
          </data>
          <data name="detail"></data>
        </data>
      </card>
      <card location.name="table" location.x="1100" location.y="975" posZ="1.8930986588588168e-14" state="1" rotate="0" owner="" zindex="0">
        <data name="card">
          <data name="image">
            <data type="image" name="imageIdentifier"></data>
            <data type="image" name="front">0eb461834ee5f22a4d4fe43647e456abdcdd8e9fe565140a3f3d02d26f69018d</data>
            <data type="image" name="back">4fafecd55f66329c8ea4dc67bdf1b6e192d50e20513c8cffa3f1191eb9f0a4ad</data>
          </data>
          <data name="common">
            <data name="name">カード</data>
            <data name="size">4</data>
          </data>
          <data name="detail"></data>
        </data>
      </card>
      <card location.name="table" location.x="1100" location.y="975" posZ="1.8930986588588168e-14" state="1" rotate="0" owner="" zindex="0">
        <data name="card">
          <data name="image">
            <data type="image" name="imageIdentifier"></data>
            <data type="image" name="front">691e0cb108832945aa6712f726ef45fd6626d4d809027bdfd00eeffa75e35556</data>
            <data type="image" name="back">4fafecd55f66329c8ea4dc67bdf1b6e192d50e20513c8cffa3f1191eb9f0a4ad</data>
          </data>
          <data name="common">
            <data name="name">カード</data>
            <data name="size">4</data>
          </data>
          <data name="detail"></data>
        </data>
      </card>
    </node>
  </card-stack>
  <card-stack location.name="table" location.x="1725" location.y="425" posZ="1.862520265493598e-12" rotate="0" zindex="115" owner="" isShowTotal="true">
    <data name="card-stack">
      <data name="image">
        <data type="image" name="imageIdentifier"></data>
      </data>
      <data name="common">
        <data name="name">山札</data>
      </data>
      <data name="detail"></data>
    </data>
    <node name="cardRoot">
      <card location.name="table" location.x="1000" location.y="1575" posZ="1.0117108562724248e-12" state="0" rotate="0" owner="" zindex="0">
        <data name="card">
          <data name="image">
            <data type="image" name="imageIdentifier"></data>
            <data type="image" name="front">324621e88234600674496c7b3080098a754ebe649673ada627c1f113daf2501e</data>
            <data type="image" name="back">324621e88234600674496c7b3080098a754ebe649673ada627c1f113daf2501e</data>
          </data>
          <data name="common">
            <data name="name">カード</data>
            <data name="size">4</data>
          </data>
          <data name="detail"></data>
        </data>
      </card>
      <card location.name="table" location.x="1000" location.y="1575" posZ="1.0117108562724248e-12" state="1" rotate="0" owner="" zindex="0">
        <data name="card">
          <data name="image">
            <data type="image" name="imageIdentifier"></data>
            <data type="image" name="front">adfdd2702205fb662d522ac433d2344008ca7a7dc2129cdbc4e71e63bfa2d844</data>
            <data type="image" name="back">4fafecd55f66329c8ea4dc67bdf1b6e192d50e20513c8cffa3f1191eb9f0a4ad</data>
          </data>
          <data name="common">
            <data name="name">カード</data>
            <data name="size">4</data>
          </data>
          <data name="detail"></data>
        </data>
      </card>
      <card location.name="table" location.x="1000" location.y="1575" posZ="1.0117108562724248e-12" state="1" rotate="0" owner="" zindex="0">
        <data name="card">
          <data name="image">
            <data type="image" name="imageIdentifier"></data>
            <data type="image" name="front">fd87daf2ec2928ebe48747a28ad2bd2dfe9b6c7b0fc809f67323059e2d438651</data>
            <data type="image" name="back">4fafecd55f66329c8ea4dc67bdf1b6e192d50e20513c8cffa3f1191eb9f0a4ad</data>
          </data>
          <data name="common">
            <data name="name">カード</data>
            <data name="size">4</data>
          </data>
          <data name="detail"></data>
        </data>
      </card>
      <card location.name="table" location.x="1000" location.y="1575" posZ="1.0117108562724248e-12" state="1" rotate="0" owner="" zindex="0">
        <data name="card">
          <data name="image">
            <data type="image" name="imageIdentifier"></data>
            <data type="image" name="front">3fae9080e3c2d462f7e42bac10f5ca5a9b68cb3e95d3c6796148b36960d2c918</data>
            <data type="image" name="back">4fafecd55f66329c8ea4dc67bdf1b6e192d50e20513c8cffa3f1191eb9f0a4ad</data>
          </data>
          <data name="common">
            <data name="name">カード</data>
            <data name="size">4</data>
          </data>
          <data name="detail"></data>
        </data>
      </card>
      <card location.name="table" location.x="1000" location.y="1575" posZ="1.0117108562724248e-12" state="1" rotate="0" owner="" zindex="0">
        <data name="card">
          <data name="image">
            <data type="image" name="imageIdentifier"></data>
            <data type="image" name="front">247d64dfafd8100aefecf20e382c76fe675e723840bd70da73dac77aa47493da</data>
            <data type="image" name="back">4fafecd55f66329c8ea4dc67bdf1b6e192d50e20513c8cffa3f1191eb9f0a4ad</data>
          </data>
          <data name="common">
            <data name="name">カード</data>
            <data name="size">4</data>
          </data>
          <data name="detail"></data>
        </data>
      </card>
      <card location.name="table" location.x="1000" location.y="1575" posZ="1.0117108562724248e-12" state="1" rotate="0" owner="" zindex="0">
        <data name="card">
          <data name="image">
            <data type="image" name="imageIdentifier"></data>
            <data type="image" name="front">4b8dd40f4ce0f0e3b622a953a4ba01f53c5145e5b5aa448060cd25521ee45c09</data>
            <data type="image" name="back">4fafecd55f66329c8ea4dc67bdf1b6e192d50e20513c8cffa3f1191eb9f0a4ad</data>
          </data>
          <data name="common">
            <data name="name">カード</data>
            <data name="size">4</data>
          </data>
          <data name="detail"></data>
        </data>
      </card>
    </node>
  </card-stack>
  <card-stack location.name="table" location.x="1700" location.y="950" posZ="9.45019936503168e-13" rotate="0" zindex="114" owner="" isShowTotal="true">
    <data name="card-stack">
      <data name="image">
        <data type="image" name="imageIdentifier"></data>
      </data>
      <data name="common">
        <data name="name">山札</data>
      </data>
      <data name="detail"></data>
    </data>
    <node name="cardRoot">
      <card location.name="table" location.x="750" location.y="1875" posZ="1.0302052764020566e-12" state="0" rotate="0" owner="" zindex="0">
        <data name="card">
          <data name="image">
            <data type="image" name="imageIdentifier"></data>
            <data type="image" name="front">c7918d807af6f0570112792cf7f1ab4a9385c71db0ba4a7726ead849aaedc153</data>
            <data type="image" name="back">c7918d807af6f0570112792cf7f1ab4a9385c71db0ba4a7726ead849aaedc153</data>
          </data>
          <data name="common">
            <data name="name">カード</data>
            <data name="size">4</data>
          </data>
          <data name="detail"></data>
        </data>
      </card>
      <card location.name="table" location.x="750" location.y="1875" posZ="1.0302052764020566e-12" state="1" rotate="0" owner="" zindex="0">
        <data name="card">
          <data name="image">
            <data type="image" name="imageIdentifier"></data>
            <data type="image" name="front">a4db2e5ff8e5fe3246abcf685e06d526fe544ceb6a0849756cc0700637cf70c1</data>
            <data type="image" name="back">4fafecd55f66329c8ea4dc67bdf1b6e192d50e20513c8cffa3f1191eb9f0a4ad</data>
          </data>
          <data name="common">
            <data name="name">カード</data>
            <data name="size">4</data>
          </data>
          <data name="detail"></data>
        </data>
      </card>
      <card location.name="table" location.x="750" location.y="1875" posZ="1.0302052764020566e-12" state="1" rotate="0" owner="" zindex="0">
        <data name="card">
          <data name="image">
            <data type="image" name="imageIdentifier"></data>
            <data type="image" name="front">61a455f78e7d9c268bbe97489f7d04ca00b9f6bd3d025365d635c459b49c2a96</data>
            <data type="image" name="back">4fafecd55f66329c8ea4dc67bdf1b6e192d50e20513c8cffa3f1191eb9f0a4ad</data>
          </data>
          <data name="common">
            <data name="name">カード</data>
            <data name="size">4</data>
          </data>
          <data name="detail"></data>
        </data>
      </card>
      <card location.name="table" location.x="750" location.y="1875" posZ="1.0302052764020566e-12" state="1" rotate="0" owner="" zindex="0">
        <data name="card">
          <data name="image">
            <data type="image" name="imageIdentifier"></data>
            <data type="image" name="front">987e2f8da4d21cbd4baff967f4ea53fe4b11f9677966994182dc246720260261</data>
            <data type="image" name="back">4fafecd55f66329c8ea4dc67bdf1b6e192d50e20513c8cffa3f1191eb9f0a4ad</data>
          </data>
          <data name="common">
            <data name="name">カード</data>
            <data name="size">4</data>
          </data>
          <data name="detail"></data>
        </data>
      </card>
      <card location.name="table" location.x="750" location.y="1875" posZ="1.0302052764020566e-12" state="1" rotate="0" owner="" zindex="0">
        <data name="card">
          <data name="image">
            <data type="image" name="imageIdentifier"></data>
            <data type="image" name="front">376c982230f4b3386041584d8ea8d0ad521725362d774d263e6b5d87456d58ab</data>
            <data type="image" name="back">4fafecd55f66329c8ea4dc67bdf1b6e192d50e20513c8cffa3f1191eb9f0a4ad</data>
          </data>
          <data name="common">
            <data name="name">カード</data>
            <data name="size">4</data>
          </data>
          <data name="detail"></data>
        </data>
      </card>
      <card location.name="table" location.x="750" location.y="1875" posZ="1.0302052764020566e-12" state="1" rotate="0" owner="" zindex="0">
        <data name="card">
          <data name="image">
            <data type="image" name="imageIdentifier"></data>
            <data type="image" name="front">3b6b283bbd5eb0fd3b39168c440024e2254e220d58a1fa19111f8e7057da75da</data>
            <data type="image" name="back">4fafecd55f66329c8ea4dc67bdf1b6e192d50e20513c8cffa3f1191eb9f0a4ad</data>
          </data>
          <data name="common">
            <data name="name">カード</data>
            <data name="size">4</data>
          </data>
          <data name="detail"></data>
        </data>
      </card>
      <card location.name="table" location.x="750" location.y="1875" posZ="1.0302052764020566e-12" state="1" rotate="0" owner="" zindex="0">
        <data name="card">
          <data name="image">
            <data type="image" name="imageIdentifier"></data>
            <data type="image" name="front">e221385f360e7bd7596c294599977ef0c1f41d249e8d036aa1ca85ec47de0310</data>
            <data type="image" name="back">4fafecd55f66329c8ea4dc67bdf1b6e192d50e20513c8cffa3f1191eb9f0a4ad</data>
          </data>
          <data name="common">
            <data name="name">カード</data>
            <data name="size">4</data>
          </data>
          <data name="detail"></data>
        </data>
      </card>
    </node>
  </card-stack>
  <card-stack location.name="table" location.x="450" location.y="950" posZ="9.45522658377644e-13" rotate="0" zindex="122" owner="" isShowTotal="true">
    <data name="card-stack">
      <data name="image">
        <data type="image" name="imageIdentifier"></data>
      </data>
      <data name="common">
        <data name="name">山札</data>
      </data>
      <data name="detail"></data>
    </data>
    <node name="cardRoot">
      <card location.name="table" location.x="875" location.y="1725" posZ="1.0045118269429751e-12" state="1" rotate="0" owner="" zindex="0">
        <data name="card">
          <data name="image">
            <data type="image" name="imageIdentifier"></data>
            <data type="image" name="front">a62c321210b694500b844869dc7e3191315fe4cbde2306e81c3e340f4a525ddd</data>
            <data type="image" name="back">a62c321210b694500b844869dc7e3191315fe4cbde2306e81c3e340f4a525ddd</data>
          </data>
          <data name="common">
            <data name="name">カード</data>
            <data name="size">4</data>
          </data>
          <data name="detail">
            <data name="見出し">
              <data name="タグ"></data>
            </data>
            <data name="見出し">
              <data name="タグ"></data>
            </data>
          </data>
        </data>
      </card>
      <card location.name="table" location.x="875" location.y="1725" posZ="1.0045118269429751e-12" state="1" rotate="0" owner="" zindex="0">
        <data name="card">
          <data name="image">
            <data type="image" name="imageIdentifier"></data>
            <data type="image" name="front">0f2849e4aa097b1a6e27fd8c78a4467a494a13b8cb00cee570601bc3ff57fb3a</data>
            <data type="image" name="back">4fafecd55f66329c8ea4dc67bdf1b6e192d50e20513c8cffa3f1191eb9f0a4ad</data>
          </data>
          <data name="common">
            <data name="name">カード</data>
            <data name="size">4</data>
          </data>
          <data name="detail">
            <data name="見出し">
              <data name="タグ"></data>
            </data>
            <data name="見出し">
              <data name="タグ"></data>
            </data>
          </data>
        </data>
      </card>
      <card location.name="table" location.x="875" location.y="1725" posZ="1.0045118269429751e-12" state="1" rotate="0" owner="" zindex="0">
        <data name="card">
          <data name="image">
            <data type="image" name="imageIdentifier"></data>
            <data type="image" name="front">db152ff7bd181989173c72717509f11232ac9b416ed1429d169de367952dbb60</data>
            <data type="image" name="back">4fafecd55f66329c8ea4dc67bdf1b6e192d50e20513c8cffa3f1191eb9f0a4ad</data>
          </data>
          <data name="common">
            <data name="name">カード</data>
            <data name="size">4</data>
          </data>
          <data name="detail">
            <data name="見出し">
              <data name="タグ"></data>
            </data>
            <data name="見出し">
              <data name="タグ"></data>
            </data>
          </data>
        </data>
      </card>
    </node>
  </card-stack>
  <card-stack location.name="table" location.x="475" location.y="450" posZ="1.858106439528125e-12" rotate="0" zindex="145" owner="" isShowTotal="true">
    <data name="card-stack">
      <data name="image">
        <data type="image" name="imageIdentifier"></data>
      </data>
      <data name="common">
        <data name="name">山札</data>
      </data>
      <data name="detail"></data>
    </data>
    <node name="cardRoot">
      <card location.name="table" location.x="1175" location.y="1625" posZ="9.820167911637845e-13" state="0" rotate="0" owner="" zindex="0">
        <data name="card">
          <data name="image">
            <data type="image" name="imageIdentifier"></data>
            <data type="image" name="front">4807053bbd74540535d6911e70bdaf5fee35599101221f045ae8bc612f76238a</data>
            <data type="image" name="back">4807053bbd74540535d6911e70bdaf5fee35599101221f045ae8bc612f76238a</data>
          </data>
          <data name="common">
            <data name="name">カード</data>
            <data name="size">4</data>
          </data>
          <data name="detail"></data>
        </data>
      </card>
      <card location.name="table" location.x="1175" location.y="1625" posZ="9.820167911637845e-13" state="1" rotate="0" owner="" zindex="0">
        <data name="card">
          <data name="image">
            <data type="image" name="imageIdentifier"></data>
            <data type="image" name="front">22d4b0753cb8ed2b93e3ce9db87bb0339f4f6e27dcf1252bd2cbb1ea59d7ebd9</data>
            <data type="image" name="back">4fafecd55f66329c8ea4dc67bdf1b6e192d50e20513c8cffa3f1191eb9f0a4ad</data>
          </data>
          <data name="common">
            <data name="name">カード</data>
            <data name="size">4</data>
          </data>
          <data name="detail"></data>
        </data>
      </card>
      <card location.name="table" location.x="1175" location.y="1625" posZ="9.820167911637845e-13" state="1" rotate="0" owner="" zindex="0">
        <data name="card">
          <data name="image">
            <data type="image" name="imageIdentifier"></data>
            <data type="image" name="front">ef08a17d3abc4d1b0bafff302b46d4f6f85f43a2896b9409d7af09ec729deb7d</data>
            <data type="image" name="back">4fafecd55f66329c8ea4dc67bdf1b6e192d50e20513c8cffa3f1191eb9f0a4ad</data>
          </data>
          <data name="common">
            <data name="name">カード</data>
            <data name="size">4</data>
          </data>
          <data name="detail"></data>
        </data>
      </card>
      <card location.name="table" location.x="1175" location.y="1625" posZ="9.820167911637845e-13" state="1" rotate="0" owner="" zindex="0">
        <data name="card">
          <data name="image">
            <data type="image" name="imageIdentifier"></data>
            <data type="image" name="front">b4f330e6d7b91c6c925cbc61a9871a938ac87152940d88a3d52ea23685c127f6</data>
            <data type="image" name="back">4fafecd55f66329c8ea4dc67bdf1b6e192d50e20513c8cffa3f1191eb9f0a4ad</data>
          </data>
          <data name="common">
            <data name="name">カード</data>
            <data name="size">4</data>
          </data>
          <data name="detail"></data>
        </data>
      </card>
      <card location.name="table" location.x="1175" location.y="1625" posZ="9.820167911637845e-13" state="1" rotate="0" owner="" zindex="0">
        <data name="card">
          <data name="image">
            <data type="image" name="imageIdentifier"></data>
            <data type="image" name="front">260cae4e51def785dc2a4b5f03697156e9b1a18a0aa8f087bc2256b23b374445</data>
            <data type="image" name="back">4fafecd55f66329c8ea4dc67bdf1b6e192d50e20513c8cffa3f1191eb9f0a4ad</data>
          </data>
          <data name="common">
            <data name="name">カード</data>
            <data name="size">4</data>
          </data>
          <data name="detail"></data>
        </data>
      </card>
    </node>
  </card-stack>
  <card-stack location.name="table" location.x="1650" location.y="675" posZ="8.883794984852057e-13" rotate="0" zindex="154" owner="" isShowTotal="true">
    <data name="card-stack">
      <data name="image">
        <data type="image" name="imageIdentifier"></data>
      </data>
      <data name="common">
        <data name="name">山札</data>
      </data>
      <data name="detail"></data>
    </data>
    <node name="cardRoot">
      <card location.name="table" location.x="1300" location.y="1800" posZ="1.3464825871098872e-12" state="1" rotate="0" owner="" zindex="0">
        <data name="card">
          <data name="image">
            <data type="image" name="imageIdentifier"></data>
            <data type="image" name="front">d782ed2ceae083e09556873121b20a4f7155eb8f65e9fd78e867162634164b1e</data>
            <data type="image" name="back">d782ed2ceae083e09556873121b20a4f7155eb8f65e9fd78e867162634164b1e</data>
          </data>
          <data name="common">
            <data name="name">カード</data>
            <data name="size">4</data>
          </data>
          <data name="detail"></data>
        </data>
      </card>
      <card location.name="table" location.x="1300" location.y="1800" posZ="1.3464825871098872e-12" state="1" rotate="0" owner="" zindex="0">
        <data name="card">
          <data name="image">
            <data type="image" name="imageIdentifier"></data>
            <data type="image" name="front">ec4c3c17d718bb25e9b8884ad7dbad8d81b0b0abd5dc0026847deb744d8fab64</data>
            <data type="image" name="back">968715e3af3d0b8d79464f85bf5a45e9132cedb1ac8251d5acd2e5a093c63736</data>
          </data>
          <data name="common">
            <data name="name">カード</data>
            <data name="size">4</data>
          </data>
          <data name="detail"></data>
        </data>
      </card>
      <card location.name="table" location.x="1300" location.y="1800" posZ="1.3464825871098872e-12" state="1" rotate="0" owner="" zindex="0">
        <data name="card">
          <data name="image">
            <data type="image" name="imageIdentifier"></data>
            <data type="image" name="front">07dc00f376c859a77eca0fb19b18975ce537b0703da905659e85c0fa223eb4ca</data>
            <data type="image" name="back">968715e3af3d0b8d79464f85bf5a45e9132cedb1ac8251d5acd2e5a093c63736</data>
          </data>
          <data name="common">
            <data name="name">カード</data>
            <data name="size">4</data>
          </data>
          <data name="detail"></data>
        </data>
      </card>
    </node>
  </card-stack>
  <card-stack location.name="table" location.x="1650" location.y="1200" posZ="8.883224766799121e-13" rotate="0" zindex="166" owner="" isShowTotal="true">
    <data name="card-stack">
      <data name="image">
        <data type="image" name="imageIdentifier"></data>
      </data>
      <data name="common">
        <data name="name">山札</data>
      </data>
      <data name="detail"></data>
    </data>
    <node name="cardRoot">
      <card location.name="table" location.x="800" location.y="1850" posZ="1.3537849186372402e-12" state="0" rotate="0" owner="" zindex="0">
        <data name="card">
          <data name="image">
            <data type="image" name="imageIdentifier"></data>
            <data type="image" name="front">c8b2e9d2e986205516e19c7f16159631a781b4748829dd4e09411799feb21372</data>
            <data type="image" name="back">c8b2e9d2e986205516e19c7f16159631a781b4748829dd4e09411799feb21372</data>
          </data>
          <data name="common">
            <data name="name">カード</data>
            <data name="size">4</data>
          </data>
          <data name="detail"></data>
        </data>
      </card>
      <card location.name="table" location.x="800" location.y="1850" posZ="1.3537849186372402e-12" state="1" rotate="0" owner="" zindex="0">
        <data name="card">
          <data name="image">
            <data type="image" name="imageIdentifier"></data>
            <data type="image" name="front">a62b3661d70c03adff5c32e307630d4525e35f7b50315687c217d232f92abeaf</data>
            <data type="image" name="back">968715e3af3d0b8d79464f85bf5a45e9132cedb1ac8251d5acd2e5a093c63736</data>
          </data>
          <data name="common">
            <data name="name">カード</data>
            <data name="size">4</data>
          </data>
          <data name="detail"></data>
        </data>
      </card>
      <card location.name="table" location.x="800" location.y="1850" posZ="1.3537849186372402e-12" state="1" rotate="0" owner="" zindex="0">
        <data name="card">
          <data name="image">
            <data type="image" name="imageIdentifier"></data>
            <data type="image" name="front">6d5439ee039990b7129dffa5f4ab705ab8241b0922aadee342396840e95cc8c8</data>
            <data type="image" name="back">968715e3af3d0b8d79464f85bf5a45e9132cedb1ac8251d5acd2e5a093c63736</data>
          </data>
          <data name="common">
            <data name="name">カード</data>
            <data name="size">4</data>
          </data>
          <data name="detail"></data>
        </data>
      </card>
    </node>
  </card-stack>
  <card-stack location.name="table" location.x="1050" location.y="1225" posZ="1.0419210894512971e-12" rotate="0" zindex="178" owner="" isShowTotal="true">
    <data name="card-stack">
      <data name="image">
        <data type="image" name="imageIdentifier"></data>
      </data>
      <data name="common">
        <data name="name">山札</data>
      </data>
      <data name="detail"></data>
    </data>
    <node name="cardRoot">
      <card location.name="table" location.x="775" location.y="1750" posZ="9.603635521655966e-13" state="1" rotate="0" owner="" zindex="0">
        <data name="card">
          <data name="image">
            <data type="image" name="imageIdentifier"></data>
            <data type="image" name="front">af57ee2cd0d78625a70a59f9bac7adc10d27650f0fec521453d4ca5dded4d6ec</data>
            <data type="image" name="back">af57ee2cd0d78625a70a59f9bac7adc10d27650f0fec521453d4ca5dded4d6ec</data>
          </data>
          <data name="common">
            <data name="name">カード</data>
            <data name="size">4</data>
          </data>
          <data name="detail"></data>
        </data>
      </card>
      <card location.name="table" location.x="775" location.y="1750" posZ="9.603635521655966e-13" state="1" rotate="0" owner="" zindex="0">
        <data name="card">
          <data name="image">
            <data type="image" name="imageIdentifier"></data>
            <data type="image" name="front">91e32978943d84752b64a33437a801610cc8623aed410adca35ad425af81bf47</data>
            <data type="image" name="back">968715e3af3d0b8d79464f85bf5a45e9132cedb1ac8251d5acd2e5a093c63736</data>
          </data>
          <data name="common">
            <data name="name">カード</data>
            <data name="size">4</data>
          </data>
          <data name="detail"></data>
        </data>
      </card>
      <card location.name="table" location.x="775" location.y="1750" posZ="9.603635521655966e-13" state="1" rotate="0" owner="" zindex="0">
        <data name="card">
          <data name="image">
            <data type="image" name="imageIdentifier"></data>
            <data type="image" name="front">1c7cce68afbe59a83b1f660f4d76f426a977e7a6dc1f00fc2cac8c6c2420940b</data>
            <data type="image" name="back">968715e3af3d0b8d79464f85bf5a45e9132cedb1ac8251d5acd2e5a093c63736</data>
          </data>
          <data name="common">
            <data name="name">カード</data>
            <data name="size">4</data>
          </data>
          <data name="detail"></data>
        </data>
      </card>
    </node>
  </card-stack>
  <card-stack location.name="table" location.x="400" location.y="1200" posZ="1.042631351358897e-12" rotate="0" zindex="202" owner="" isShowTotal="true">
    <data name="card-stack">
      <data name="image">
        <data type="image" name="imageIdentifier"></data>
      </data>
      <data name="common">
        <data name="name">山札</data>
      </data>
      <data name="detail"></data>
    </data>
    <node name="cardRoot">
      <card location.name="table" location.x="1275" location.y="1600" posZ="9.40911687170998e-13" state="0" rotate="0" owner="" zindex="0">
        <data name="card">
          <data name="image">
            <data type="image" name="imageIdentifier"></data>
            <data type="image" name="front">e5425b88a4b4e3c9eb1ebafd43ebe522294591cef38a8fc98d6d5eeab4aa1984</data>
            <data type="image" name="back">e5425b88a4b4e3c9eb1ebafd43ebe522294591cef38a8fc98d6d5eeab4aa1984</data>
          </data>
          <data name="common">
            <data name="name">カード</data>
            <data name="size">4</data>
          </data>
          <data name="detail"></data>
        </data>
      </card>
      <card location.name="table" location.x="1275" location.y="1600" posZ="9.40911687170998e-13" state="1" rotate="0" owner="" zindex="0">
        <data name="card">
          <data name="image">
            <data type="image" name="imageIdentifier"></data>
            <data type="image" name="front">447ab092950abe17d9137a2612c4d0d5df5000e35211c0db395f94f817e7628b</data>
            <data type="image" name="back">968715e3af3d0b8d79464f85bf5a45e9132cedb1ac8251d5acd2e5a093c63736</data>
          </data>
          <data name="common">
            <data name="name">カード</data>
            <data name="size">4</data>
          </data>
          <data name="detail"></data>
        </data>
      </card>
      <card location.name="table" location.x="1275" location.y="1600" posZ="9.40911687170998e-13" state="1" rotate="0" owner="" zindex="0">
        <data name="card">
          <data name="image">
            <data type="image" name="imageIdentifier"></data>
            <data type="image" name="front">8d7d5863641cca8e0add656359328885a0988cf3337b14491f4be9a011ff971d</data>
            <data type="image" name="back">968715e3af3d0b8d79464f85bf5a45e9132cedb1ac8251d5acd2e5a093c63736</data>
          </data>
          <data name="common">
            <data name="name">カード</data>
            <data name="size">4</data>
          </data>
          <data name="detail"></data>
        </data>
      </card>
      <card location.name="table" location.x="1275" location.y="1600" posZ="9.40911687170998e-13" state="1" rotate="0" owner="" zindex="0">
        <data name="card">
          <data name="image">
            <data type="image" name="imageIdentifier"></data>
            <data type="image" name="front">c1c08b4730d0bfddd59d2f9cbcc32b898a88b465b42f7b6a033afb70c2d2c8c7</data>
            <data type="image" name="back">968715e3af3d0b8d79464f85bf5a45e9132cedb1ac8251d5acd2e5a093c63736</data>
          </data>
          <data name="common">
            <data name="name">カード</data>
            <data name="size">4</data>
          </data>
          <data name="detail"></data>
        </data>
      </card>
      <card location.name="table" location.x="1275" location.y="1600" posZ="9.40911687170998e-13" state="1" rotate="0" owner="" zindex="0">
        <data name="card">
          <data name="image">
            <data type="image" name="imageIdentifier"></data>
            <data type="image" name="front">23c6ed7941899ef5d55cacc623920e0b62019109dff59d97654ee08cb12321e9</data>
            <data type="image" name="back">968715e3af3d0b8d79464f85bf5a45e9132cedb1ac8251d5acd2e5a093c63736</data>
          </data>
          <data name="common">
            <data name="name">カード</data>
            <data name="size">4</data>
          </data>
          <data name="detail"></data>
        </data>
      </card>
    </node>
  </card-stack>
  <card-stack location.name="table" location.x="400" location.y="675" posZ="9.836112093497277e-13" rotate="0" zindex="207" owner="" isShowTotal="true">
    <data name="card-stack">
      <data name="image">
        <data type="image" name="imageIdentifier"></data>
      </data>
      <data name="common">
        <data name="name">山札</data>
      </data>
      <data name="detail"></data>
    </data>
    <node name="cardRoot">
      <card location.name="table" location.x="1025" location.y="1675" posZ="9.508294074411124e-13" state="0" rotate="0" owner="" zindex="0">
        <data name="card">
          <data name="image">
            <data type="image" name="imageIdentifier"></data>
            <data type="image" name="front">3bf8e70b9dac5b15ec07f3cb8deaf94c5361b4879b1a15bb0720c0ed9c3520c3</data>
            <data type="image" name="back">3bf8e70b9dac5b15ec07f3cb8deaf94c5361b4879b1a15bb0720c0ed9c3520c3</data>
          </data>
          <data name="common">
            <data name="name">カード</data>
            <data name="size">4</data>
          </data>
          <data name="detail"></data>
        </data>
      </card>
      <card location.name="table" location.x="1025" location.y="1675" posZ="9.508294074411124e-13" state="1" rotate="0" owner="" zindex="0">
        <data name="card">
          <data name="image">
            <data type="image" name="imageIdentifier"></data>
            <data type="image" name="front">0f536bd7ed2c6e8b5faedacc06c625dd99cc0c4ebe8312cc5311fb946ff53b28</data>
            <data type="image" name="back">968715e3af3d0b8d79464f85bf5a45e9132cedb1ac8251d5acd2e5a093c63736</data>
          </data>
          <data name="common">
            <data name="name">カード</data>
            <data name="size">4</data>
          </data>
          <data name="detail"></data>
        </data>
      </card>
    </node>
  </card-stack>
  <card location.name="table" location.x="750" location.y="175" posZ="0" state="1" rotate="0" owner="" zindex="12">
    <data name="card">
      <data name="image">
        <data type="image" name="imageIdentifier"></data>
        <data type="image" name="front">86c19fae2f8d20e017ff393d0a9b1f67a7ddca61e179db9636f410b65186eb21</data>
        <data type="image" name="back">86c19fae2f8d20e017ff393d0a9b1f67a7ddca61e179db9636f410b65186eb21</data>
      </data>
      <data name="common">
        <data name="name">カード</data>
        <data name="size">15</data>
      </data>
      <data name="detail"></data>
    </data>
  </card>
</room>