<?xml version="1.0" encoding="UTF-8"?>
<card-stack location.name="table" location.x="350" location.y="200" posZ="0" rotate="0" zindex="164" owner="" isShowTotal="false">
  <data name="card-stack">
    <data name="image">
      <data type="image" name="imageIdentifier"></data>
    </data>
    <data name="common">
      <data name="name">プロットカード</data>
    </data>
    <data name="detail">
      <data name="使い方">
        <data name="" type="note">1～6番までのカードの山札です。
「カード一覧」から中身を確認し、プロット時に使用して下さい。</data>
      </data>
    </data>
  </data>
  <node name="cardRoot">
    <card location.name="table" location.x="350" location.y="200" posZ="0" state="1" rotate="0" owner="" zindex="0">
      <data name="card">
        <data name="image">
          <data type="image" name="imageIdentifier"></data>
          <data type="image" name="front">01d60499d0f701b7e36a233f9d8612d7065db9d353659336a62a1a1dab7deceb</data>
          <data type="image" name="back">19e33a170ed32bae20570946bf67044c8d95907a0810b8dd4bf216e0420aa86b</data>
        </data>
        <data name="common">
          <data name="name">カード</data>
          <data name="size">2</data>
        </data>
        <data name="detail"></data>
      </data>
    </card>
    <card location.name="table" location.x="75" location.y="475" posZ="0" state="1" rotate="0" owner="" zindex="0">
      <data name="card">
        <data name="image">
          <data type="image" name="imageIdentifier"></data>
          <data type="image" name="front">5a901648e74d3bba2b2435239eb836bb6d0b945b8abcf91ea13c8e3118b48d89</data>
          <data type="image" name="back">19e33a170ed32bae20570946bf67044c8d95907a0810b8dd4bf216e0420aa86b</data>
        </data>
        <data name="common">
          <data name="name">カード</data>
          <data name="size">2</data>
        </data>
        <data name="detail"></data>
      </data>
    </card>
    <card location.name="table" location.x="75" location.y="475" posZ="0" state="1" rotate="0" owner="" zindex="0">
      <data name="card">
        <data name="image">
          <data type="image" name="imageIdentifier"></data>
          <data type="image" name="front">1fa8d0d038bda2ef27c60deb9597f6fc76732ea47f3d25b47811e855488e7971</data>
          <data type="image" name="back">19e33a170ed32bae20570946bf67044c8d95907a0810b8dd4bf216e0420aa86b</data>
        </data>
        <data name="common">
          <data name="name">カード</data>
          <data name="size">2</data>
        </data>
        <data name="detail"></data>
      </data>
    </card>
    <card location.name="table" location.x="-1250" location.y="425" posZ="1.1273751687860468e-13" state="1" rotate="0" owner="" zindex="0">
      <data name="card">
        <data name="image">
          <data type="image" name="imageIdentifier"></data>
          <data type="image" name="front">ad3cfdc6bba15ec0ee57532fd2e6343680a7da0f57ef617173e000639033d511</data>
          <data type="image" name="back">19e33a170ed32bae20570946bf67044c8d95907a0810b8dd4bf216e0420aa86b</data>
        </data>
        <data name="common">
          <data name="name">カード</data>
          <data name="size">2</data>
        </data>
        <data name="detail"></data>
      </data>
    </card>
    <card location.name="table" location.x="-25" location.y="450" posZ="0" state="1" rotate="0" owner="" zindex="0">
      <data name="card">
        <data name="image">
          <data type="image" name="imageIdentifier"></data>
          <data type="image" name="front">9636cac7542519ef86c5f5c90747c649bb13fb3d76bdb79ec6662a2d8963b833</data>
          <data type="image" name="back">19e33a170ed32bae20570946bf67044c8d95907a0810b8dd4bf216e0420aa86b</data>
        </data>
        <data name="common">
          <data name="name">カード</data>
          <data name="size">2</data>
        </data>
        <data name="detail"></data>
      </data>
    </card>
    <card location.name="table" location.x="-25" location.y="450" posZ="0" state="1" rotate="0" owner="" zindex="0">
      <data name="card">
        <data name="image">
          <data type="image" name="imageIdentifier"></data>
          <data type="image" name="front">07349541c6ebef1e4d12ef07119b5c77941e0ca58d8d2da9d524384681834471</data>
          <data type="image" name="back">19e33a170ed32bae20570946bf67044c8d95907a0810b8dd4bf216e0420aa86b</data>
        </data>
        <data name="common">
          <data name="name">カード</data>
          <data name="size">2</data>
        </data>
        <data name="detail"></data>
      </data>
    </card>
  </node>
</card-stack>