<?xml version="1.0" encoding="UTF-8"?>
<dice-symbol location.name="table" location.x="550" location.y="225" posZ="0" face="1" owner="" rotate="0">
  <data name="dice-symbol">
    <data name="image">
      <data type="image" name="1">325a8e81937168694b359468e462c261021ebee95e3271e76885aeefda2a52e5</data>
      <data type="image" name="2">cb9de6ec363beb0994c414dd7e9139a0ebe830e94ffeec77c0801e56f87668bc</data>
      <data type="image" name="3">5da3c50ddcc007aebc62748e6d3ece3444bbb901c8c5b1d56cfb3584af9fa54d</data>
      <data type="image" name="4">31b5fc1c24fd81af060a4cdc4a56e47a252e2e6c85253159be685df6a7fc891b</data>
      <data type="image" name="5">6555f4d1eeec3bb052d5041236af25fc7eee664d7795e3059e104d3f43cc2ddf</data>
      <data type="image" name="6">bf60ce389366a9cfdbe8febb531a780d4b788b05950a2e54c1fc4c4146d14a28</data>
      <data type="image" name="7">d143d62ca73f1066de0cb0f547a848324e8a20603a204ac8f6d6d7ca77101dd3</data>
      <data type="image" name="8">9d2a7bc950c5133d441a3b6c6a17a79c6dffe43fc8b15b0fd079ae15b68f84d6</data>
      <data type="image" name="9">409550261c7d6555427b2c4b52ab272a1922278d1f8f27bb0d019ee72ceff14d</data>
      <data type="image" name="10">3ab263c51595a4aa10293655b3364642b64c4eed987bd77628645aeabc98fac2</data>
      <data type="image" name="11">5ba81750b99a16845577c064da6900e63130d3dd20ebacab361362f9d932cee6</data>
      <data type="image" name="12">8a952bb653e70063a7dc020dd19a4a7e4df03b409cee39a0e1b39d0bc161a910</data>
    </data>
    <data name="common">
      <data name="name">Time</data>
      <data name="size">2</data>
    </data>
    <data name="detail"></data>
  </data>
</dice-symbol>